"player_id","player_name","team_name","start_year","end_year","key_target_base","runs_stolen_on_running_act","n_init","rate_sbx","n_sb","n_cs","n_pk","n_bk","n_fb","n_plus","n_minus","net_act_plus","net_act_minus","r_primary_lead","r_secondary_lead","r_sec_minus_prim_lead","r_primary_lead_sbx","r_secondary_lead_sbx","r_sec_minus_prim_lead_sbx"
660670,"Acuña Jr., Ronald","ATL",2025,2025,"All",1.0219225044518703,736,0.008152173913043478,6,0,0,1,0,7,0,-1.1610613065629063,2.786966146143225,"10.246483501","13.295032999","3.048549498","11.081833333","23.143","12.061166667"
657136,"Wong, Connor","BOS",2025,2025,"All",-0.3941945170903015,273,0.007326007326007326,1,1,0,0,0,1,1,-1.6029714951012852,-0.16355604015565509,"10.761667939","12.994450382","2.232782443","12.1295","21.75","9.6205"
657557,"DeJong, Paul","WSH",2025,2025,"All",0.5860699523334477,258,0.011627906976744186,3,0,0,0,0,3,0,0.6598326760018098,1.0091187047401904,"12.413188","16.211668","3.79848","12.188333333","24.887333333","12.699"
643217,"Benintendi, Andrew","CWS",2025,2025,"All",0.1491156385617167,516,0,0,0,0,1,1,2,0,-3.3982084351735002,1.841682945769815,"12.060449187","14.630764228","2.570315041",,,
682653,"Bernabel, Warming","COL",2025,2025,"All",0.1577337115253878,202,0.0049504950495049506,1,0,0,0,0,1,0,-0.7309892081807453,0.6754034514700816,"13.685556122","16.508734694","2.823178571","13.137","26.853","13.716"
672515,"Moreno, Gabriel","AZ",2025,2025,"All",-0.47207416130835644,484,0.004132231404958678,1,1,0,0,0,1,1,-4.228609412306229,0.8303282692286431,"9.946512605","13.38994958","3.443436975","8.8265","20.9175","12.091"
701350,"Anthony, Roman","BOS",2025,2025,"All",0.21103216059835778,546,0.009157509157509158,4,1,0,1,0,5,1,-2.1725552105234707,1.434540450451221,"10.925998054","13.928725681","3.002727626","10.7678","20.9036","10.1358"
663538,"Hoerner, Nico","CHC",2025,2025,"All",3.03910760462811,1091,0.02383134738771769,25,1,2,1,0,26,3,12.990343171377365,0.9800866007836351,"11.272956044","14.760918082","3.487962038","11.717846154","24.639","12.921153846"
572233,"Walker, Christian","HOU",2025,2025,"All",-0.05894177060961461,689,0.001451378809869376,1,0,0,2,0,3,0,-5.8765726866903325,2.4808283705076706,"10.812500741","14.593539259","3.781038519","11.172","22.431","11.259"
641343,"Bauers, Jake","MIL",2025,2025,"All",0.8765102891158902,236,0.029661016949152543,6,1,0,1,0,7,1,4.403930758364254,-0.00950191679324569,"12.147270742","16.130572052","3.98330131","13.550857143","25.645","12.094142857"
609280,"Andujar, Miguel","CIN",2025,2025,"All",-0.2746157795890185,512,0.001953125,1,0,0,0,0,1,0,-5.1288499461542445,1.669231576981843,"12.944391129","15.520953629","2.5765625","12.159","23.258","11.099"
680474,"Schuemann, Max","ATH",2025,2025,"All",-0.3983896686144063,437,0.013729977116704805,5,1,1,0,0,5,2,-0.6141403884512305,-0.6123590909426007,"12.060345499","15.644746959","3.58440146","11.595333333","23.33","11.734666667"
663993,"Lowe, Nathaniel","BOS",2025,2025,"All",-0.517827111943383,688,0,0,0,0,0,0,0,0,-8.192621539748979,2.490438213347584,"10.561149188","13.055737075","2.494587888",,,
669364,"Edwards, Xavier","MIA",2025,2025,"All",0.28359906519728595,1123,0.026714158504007122,24,6,3,0,0,24,9,11.349179655566033,-4.413859702035366,"12.095956784","16.854450251","4.758493467","12.551466667","24.6377","12.086233333"
666310,"Naylor, Bo","CLE",2025,2025,"All",-0.4153522618018489,429,0.004662004662004662,1,1,0,1,0,2,1,-2.6524495022500436,0.2558614192181329,"12.613067633","14.982024155","2.368956522","12.8325","21.29","8.4575"
694192,"Chourio, Jackson","MIL",2025,2025,"All",0.4051254750015535,878,0.025056947608200455,17,5,1,1,0,18,6,8.945628474888261,-3.0755560443913326,"12.07701627","14.693","2.61598373","12.241","23.034772727","10.793772727"
695238,"Wagner, Will","SD",2025,2025,"All",0.06750364682099377,190,0.005263157894736842,1,0,0,0,0,1,0,-0.9235655554742547,0.5604816842574328,"11.634367568","14.054232432","2.419864865","11.415","20.263","8.848"
702332,"Durbin, Caleb","MIL",2025,2025,"All",-0.042145073461777344,725,0.022068965517241378,12,4,1,2,0,14,5,6.05905059339456,-2.78656709364595,"12.391852308","16.794770769","4.402918462","12.963375","25.8428125","12.8794375"
605141,"Betts, Mookie","LAD",2025,2025,"All",0.28657779779765846,878,0.007972665148063782,6,1,0,0,0,6,1,-3.675844816698129,2.2705483580828525,"12.464446731","17.963118644","5.498671913","13.241857143","27.141428571","13.899571429"
650489,"Castro, Willi","CHC",2025,2025,"All",0.1388947632821771,547,0.02376599634369287,10,3,1,1,1,12,4,5.204590160965584,-2.004496153135424,"11.574863548","15.52042885","3.945565302","12.804769231","22.527461538","9.722692308"
642731,"Estrada, Thairo","COL",2025,2025,"All",-0.36192170519771943,207,0.00966183574879227,1,1,0,0,0,1,1,-1.284875034656117,-0.23321488503665772,"11.162522613","14.443246231","3.280723618","9.912","20.0755","10.1635"
642086,"Smith, Dominic","SF",2025,2025,"All",-0.10383949217846053,350,0.002857142857142857,1,0,0,0,0,1,0,-3.1264493917293543,1.1587786359275787,"11.484075581","16.112671512","4.62859593","13.85","35.766","21.916"
642215,"Wilson, Weston","PHI",2025,2025,"All",-1.1018357580865759,189,0.026455026455026454,2,3,0,0,0,2,3,-0.3197887426261815,-2.306395576802968,"13.858927778","16.744616667","2.885688889","12.1022","21.3992","9.297"
656976,"Smith, Pavin","AZ",2025,2025,"All",-0.37603209804948234,390,0.007692307692307693,2,1,0,0,0,2,1,-2.904976467826015,0.4554737678127123,"10.866402116","14.300037037","3.433634921","11.184333333","24.553","13.368666667"
641355,"Bellinger, Cody","NYY",2025,2025,"All",0.975709310174328,750,0.017333333333333333,11,2,0,1,0,12,2,3.90586902344527,0.4323011233006072,"10.927935028","13.937233051","3.009298023","11.094","21.868615385","10.774615385"
681624,"Pages, Andy","LAD",2025,2025,"All",-0.9253466669901595,811,0.02219482120838471,12,6,0,0,0,12,6,1.984558757896265,-2.9383520412653605,"11.590489305","15.23927139","3.648782086","12.6175","24.989111111","12.371611111"
543510,"McCann, James","AZ",2025,2025,"All",-0.17782686176672638,197,0,0,0,0,0,0,0,0,-2.168937682919974,0.5688014995939302,"10.881927083","14.822541667","3.940614583",,,
641933,"O'Neill, Tyler","BAL",2025,2025,"All",0.23428858741005126,230,0.008695652173913044,2,0,0,0,0,2,0,-0.6576574096269481,0.8129334874120905,"10.899215859","14.570259912","3.671044053","10.0635","21.668","11.6045"
670764,"Walls, Taylor","TB",2025,2025,"All",-0.37072473630761577,435,0.03218390804597701,9,5,0,2,0,11,5,6.3338127097408075,-3.6388606183461647,"13.602282051","17.760751282","4.158469231","12.808142857","24.809714286","12.001571429"
669242,"Edman, Tommy","LAD",2025,2025,"All",0.12056112357483753,438,0.0091324200913242,3,1,0,1,0,4,1,-0.2415789363593948,0.37528202410381495,"11.431366093","14.458422604","3.027056511","11.4745","24.34425","12.86975"
664770,"Lukes, Nathan","TOR",2025,2025,"All",-1.9545109022658584,583,0.008576329331046312,1,4,0,0,0,1,4,-5.092993019972017,-2.0798051072698804,"11.971989305","14.65145098","2.679461676","11.7462","18.1916","6.4454"
687363,"Scott II, Victor","STL",2025,2025,"All",3.4305723698314843,606,0.054455445544554455,30,3,2,0,0,30,5,24.118027883681872,-3.0956293486775266,"12.242256831","16.479347905","4.237091075","12.803030303","22.986333333","10.18330303"
807799,"Yoshida, Masataka","BOS",2025,2025,"All",0.2377548329972138,339,0.0058997050147492625,2,0,0,0,0,2,0,-1.654321406036666,1.2635980315656625,"11.413956656","15.108857585","3.694900929","11.143","23.162","12.019"
621438,"Taylor, Tyrone","NYM",2025,2025,"All",1.854006301093398,436,0.02522935779816514,11,0,0,0,0,11,0,6.503365017608006,1.2296295501595513,"12.18883376","15.888480818","3.699647059","14.709454545","27.628272727","12.918818182"
457705,"McCutchen, Andrew","PIT",2025,2025,"All",-0.6677697238648994,835,0.0023952095808383233,1,1,0,0,0,1,1,-8.611252623380889,2.343290668469508,"11.309799261","15.237197044","3.927397783","10.8605","23.9475","13.087"
691026,"Winn, Masyn","STL",2025,2025,"All",0.40032210002835705,691,0.013024602026049204,7,2,0,1,0,8,2,-0.151660356919583,0.9570092698050465,"13.0341136","16.1147376","3.080624","13.272777778","23.737666667","10.464888889"
672016,"Clarke, Denzel","ATH",2025,2025,"All",0.735934893605978,202,0.019801980198019802,4,0,0,0,0,4,0,2.348626650294084,0.5915768078825816,"13.391817708","17.19090625","3.799088542","11.24475","21.11325","9.8685"
500743,"Rojas, Miguel","LAD",2025,2025,"All",0.7200504102230516,489,0.006134969325153374,3,0,0,2,0,5,0,0.10955252132562443,1.5514220132398369,"12.259147505","16.612097614","4.352950108","14.528333333","31.154333333","16.626"
455117,"Maldonado, Martín","SD",2025,2025,"All",-0.16414980263488071,212,0,0,0,0,0,0,0,0,-2.282142048014433,0.6495080154844581,"11.441257143","15.245371429","3.804114286",,,
664728,"Isbel, Kyle","KC",2025,2025,"All",-0.8491976176351399,636,0.009433962264150943,3,3,0,0,1,4,3,-3.2197749421780215,-0.4560947315545115,"12.496942664","16.206556492","3.709613828","12.4625","22.819333333","10.356833333"
666176,"Adell, Jo","LAA",2025,2025,"All",-0.548772755652259,598,0.008361204013377926,4,1,1,0,0,4,2,-3.552250332133738,0.35928291283220104,"11.766084359","14.300001757","2.533917399","10.7098","20.9446","10.2348"
701358,"Smith, Cam","HOU",2025,2025,"All",-0.5235563249250315,637,0.006279434850863423,3,1,1,1,0,4,2,-2.3585998796193985,-0.1151918866692187,"12.899722689","15.891628571","2.991905882","12.9025","22.256","9.3535"
607208,"Turner, Trea","PHI",2025,2025,"All",2.6579180074287763,1161,0.024978466838931956,26,3,1,0,0,26,4,12.9025072811983,0.17203678042025833,"12.22869341","16.082150907","3.853457498","12.810551724","25.851241379","13.040689655"
593871,"Polanco, Jorge","SEA",2025,2025,"All",-0.31014003003323753,604,0.009933774834437087,5,1,1,0,0,5,2,-1.7632258668788363,0.09445587409450987,"12.16579646","16.406720354","4.240923894","11.691333333","22.830833333","11.1395"
655316,"Monasterio, Andruw","MIL",2025,2025,"All",0.05734350233060953,189,0.005291005291005291,1,0,0,0,0,1,0,-0.9220171815041572,0.5372154191809808,"12.871284091","16.524511364","3.653227273","12.257","21.896","9.639"
663897,"Williams, Luke","ATL",2025,2025,"All",0.7247311055980146,174,0.022988505747126436,4,0,0,0,0,4,0,2.600658412907094,0.4546653844813244,"12.83174375","16.68148125","3.8497375","12.238","24.0525","11.8145"
680779,"Davis, Henry","PIT",2025,2025,"All",-0.15993366275509063,293,0.010238907849829351,2,1,0,0,0,2,1,-1.2737589869238093,0.21070696584371026,"9.419611888","13.416265734","3.996653846","10.107","26.819","16.712"
667472,"Myers, Dane","MIA",2025,2025,"All",-0.9267397538614186,579,0.03454231433506045,15,5,3,0,0,15,8,8.796786998797064,-5.969104785824063,"12.733984645","15.271174664","2.537190019","13.31235","23.8223","10.50995"
691176,"Domínguez, Jasson","NYY",2025,2025,"All",1.0567161417166704,669,0.0343796711509716,18,5,0,1,0,19,5,11.621636843260472,-2.8169138376342664,"11.321710863","15.801722045","4.480011182","11.044043478","21.942608696","10.898565217"
700932,"Manzardo, Kyle","CLE",2025,2025,"All",-0.2495774110930218,697,0.0014347202295552368,1,0,0,0,0,1,0,-8.226014009325208,3.1013897572711477,"11.425979502","15.470658858","4.044679356","11.337","25.789","14.452"
663368,"Perkins, Blake","MIL",2025,2025,"All",0.4706730568610044,313,0.022364217252396165,6,1,0,0,0,6,1,2.8157860196295,-0.20552032681087715,"12.989024221","16.749567474","3.760543253","13.199428571","24.207142857","11.007714286"
645444,"Herrera, Jose","AZ",2025,2025,"All",-0.1744181295905477,251,0,0,0,0,0,0,0,0,-2.805410954436443,0.8592534695483138,"8.942754098","13.141536885","4.198782787",,,
679529,"Torkelson, Spencer","DET",2025,2025,"All",-0.7952653144105378,844,0.002369668246445498,1,1,0,0,0,1,1,-8.524334076474476,2.021336668631908,"11.391290557","14.427765133","3.036474576","10.8845","19.2645","8.38"
592206,"Castellanos, Nick","PHI",2025,2025,"All",0.2225938398997527,799,0.0037546933667083854,3,0,0,1,0,4,0,-5.196491462967121,2.804204738873727,"11.731757692","14.88584359","3.154085897","11.82","24.214","12.394"
810938,"Williamson, Ben","SEA",2025,2025,"All",0.4156609928716344,553,0.009041591320072333,4,1,0,1,1,6,1,0.1381545112201804,0.8622890902835713,"12.975550193","16.022839768","3.047289575","13.0608","21.8102","8.7494"
656180,"Adams, Riley","WSH",2025,2025,"All",0.0006541103363811307,356,0.0028089887640449437,1,0,0,0,0,1,0,-2.374364730286673,1.0567267919860348,"11.821538462","15.701094017","3.879555556","10.697","19.018","8.321"
660162,"Moncada, Yoán","LAA",2025,2025,"All",-0.3033974091175621,345,0,0,0,0,0,0,0,0,-4.6566966498535445,1.3954264907847707,"10.795789941","14.438961538","3.643171598",,,
665750,"Taveras, Leody","SEA",2025,2025,"All",-0.10826643434942396,203,0.059113300492610835,9,3,1,0,0,9,4,7.010546023073218,-3.356390308809041,"12.897145251","16.598849162","3.701703911","12.425083333","23.12275","10.697666667"
650333,"Arraez, Luis","SD",2025,2025,"All",-0.9814371661634927,1086,0.007366482504604052,5,3,0,2,0,7,3,-7.508180673266425,1.155997707755095,"12.72086439","17.246520976","4.525656585","13.165625","23.399","10.233375"
646240,"Devers, Rafael","SF",2025,2025,"All",-0.46779084942741794,1160,0.0008620689655172414,1,0,0,0,0,1,0,-12.30886251476305,4.431070341167096,"9.75820596","12.890920245","3.132714286","9.194","28.322","19.128"
571448,"Arenado, Nolan","STL",2025,2025,"All",-0.33798579273119633,450,0.0044444444444444444,2,0,1,0,0,2,1,-3.309985698966003,0.7200252156933421,"8.251496599","12.747689342","4.496192744","10.0415","27.8695","17.828"
663656,"Tucker, Kyle","CHC",2025,2025,"All",0.8919616329353985,944,0.018008474576271187,14,3,0,1,0,15,3,4.691557347200436,-0.10299963667708728,"11.519774887","14.473708145","2.953933258","12.82","26.566235294","13.746235294"
663604,"Lockridge, Brandon","MIL",2025,2025,"All",1.6090448321924808,234,0.038461538461538464,9,0,0,0,0,9,0,6.579163855903934,0.6515823578037646,"13.141060748","16.845042056","3.703981308","13.2275","24.2145","10.987"
805300,"Marsee, Jakob","MIA",2025,2025,"All",-0.7612728992095925,333,0.04804804804804805,11,5,1,0,0,11,6,7.4374793736062506,-4.997263942068532,"12.903922559","17.240737374","4.336814815","13.214625","26.3835625","13.1689375"
527038,"Flores, Wilmer","SF",2025,2025,"All",-0.09690848785837848,469,0,0,0,0,0,0,0,0,-5.351525067217655,2.1631033901892285,"11.142385776","13.665301724","2.522915948",,,
666624,"Morel, Christopher","TB",2025,2025,"All",-0.07918665110875889,337,0.017804154302670624,5,1,1,0,0,5,2,1.5750988860011415,-0.8760142851310787,"10.934031646","14.266370253","3.332338608","11.698666667","21.74","10.041333333"
542932,"Berti, Jon","CHC",2025,2025,"All",1.0792291626136103,229,0.056768558951965066,11,2,0,0,0,11,2,8.742470051612065,-1.4872552171306732,"13.368282927","16.967331707","3.59904878","13.261615385","26.227307692","12.965692308"
553993,"Suárez, Eugenio","SEA",2025,2025,"All",-0.20072079581642044,761,0.001314060446780552,1,0,0,0,0,1,0,-7.538210610584411,2.904269614001026,"10.831010884","14.341965986","3.510955102","9.957","23.863","13.906"
666397,"Julien, Edouard","MIN",2025,2025,"All",-1.6639117594849855,308,0.006493506493506494,0,2,1,0,0,0,3,-3.7383148876051675,-2.0361084043643407,"11.863877966","15.348054237","3.484176271","12.14","24.6335","12.4935"
681146,"Bride, Jonah","MIN",2025,2025,"All",-0.10020866557642462,185,0,0,0,0,0,0,0,0,-2.0740420865924647,0.6991105594268195,"11.596452514","15.414055866","3.817603352",,,
669394,"Burger, Jake","TEX",2025,2025,"All",-0.7753677335730979,361,0.002770083102493075,0,1,0,0,0,0,1,-3.8184899472322233,-0.025932764725895785,"12.252217143","15.704088571","3.451871429","12.12","19.143","7.023"
686681,"Massey, Michael","KC",2025,2025,"All",-0.3733399685266917,360,0.008333333333333333,2,1,0,0,0,2,1,-3.3827287902769654,0.6737906433971179,"12.171878261","13.994217391","1.82233913","11.448666667","20.672","9.223333333"
664761,"Bohm, Alec","PHI",2025,2025,"All",-0.4869005592954438,828,0,0,0,0,0,0,0,0,-9.33469916946237,3.0667539435489566,"12.051711443","15.000466418","2.948754975",,,
649966,"Urías, Luis","ATH",2025,2025,"All",-1.114734370944585,463,0.004319654427645789,1,1,1,0,0,1,2,-4.789384139558892,-0.3485723178506824,"11.05276644","15.670750567","4.617984127","10.9855","21.3215","10.336"
677588,"Tena, José","WSH",2025,2025,"All",0.010564711309717867,240,0.0125,2,1,0,1,0,3,1,0.5098680636235059,-0.20313089203329945,"13.641004587","17.452045872","3.811041284","15.035","23.846666667","8.811666667"
623168,"Heineman, Tyler","TOR",2025,2025,"All",0.24688738461283227,195,0.010256410256410256,2,0,0,0,0,2,0,-0.11186124898295557,0.5983547431320522,"11.282583333","14.372442708","3.089859375","9.997","22.6215","12.6245"
681508,"Gasper, Mickey","MIN",2025,2025,"All",0.20930986942785826,174,0.011494252873563218,2,0,0,0,0,2,0,-0.1574403192785417,0.5351065184079244,"11.873532164","16.355333333","4.48180117","11.7965","29.6075","17.811"
642136,"Thaiss, Matt","TB",2025,2025,"All",0.030023083453694026,301,0.0033222591362126247,1,0,0,0,0,1,0,-3.078787538891267,1.4350679805154392,"11.174348123","15.055559727","3.881211604","14.087","26.558","12.471"
678554,"Mead, Curtis","CWS",2025,2025,"All",-0.1997682555901172,369,0.01084010840108401,3,1,0,0,0,3,1,-1.7115239584941844,0.3167478580193757,"10.914538244","14.030643059","3.116104816","10.717","19.20675","8.48975"
676694,"Meyers, Jake","HOU",2025,2025,"All",-0.3049496792573243,669,0.02391629297458894,12,4,1,0,0,12,5,4.288668048611661,-2.58374064217701,"12.056160772","16.395995177","4.339834405","11.25775","21.421875","10.164125"
691718,"Crow-Armstrong, Pete","CHC",2025,2025,"All",1.7232003684682877,652,0.04754601226993865,26,5,2,0,0,26,7,20.13190914001944,-5.118181021190197,"12.648335593","16.524076271","3.875740678","11.725064516","21.889935484","10.164870968"
630105,"Cronenworth, Jake","SD",2025,2025,"All",-0.21672614935173226,738,0.0040650406504065045,2,1,0,1,0,3,1,-4.171471268418759,1.3723735651822642,"12.515322857","16.559637143","4.044314286","11.302333333","21.610666667","10.308333333"
641487,"Crawford, J.P.","SEA",2025,2025,"All",0.39608681018893843,1187,0.005054759898904802,6,0,0,0,0,6,0,-7.719150583832697,4.310926504345509,"11.010588703","13.544007061","2.533418358","11.008333333","23.237166667","12.228833333"
671289,"Freeman, Tyler","COL",2025,2025,"All",-1.5743445270725827,761,0.0328515111695138,17,8,3,1,1,19,11,10.58565154517772,-8.203277413573604,"12.313693503","15.710786723","3.39709322","12.25344","23.03552","10.78208"
805249,"Kemp, Otto","PHI",2025,2025,"All",-0.6533635450920164,314,0.012738853503184714,2,2,0,0,0,2,2,-0.8832003281362603,-1.0593855099216893,"11.678565657","15.414272727","3.735707071","10.85375","18.67525","7.8215"
691777,"Muncy, Max","ATH",2025,2025,"All",-0.3812428718332391,247,0.008097165991902834,1,1,0,0,0,1,1,-1.7279360428727513,-0.07923480724152639,"12.772848101","15.633075949","2.860227848","12.133","21.449","9.316"
669289,"Espinal, Santiago","CIN",2025,2025,"All",-0.7544331998913241,618,0.003236245954692557,2,0,2,0,0,2,2,-3.8613582330082625,0.03964099268961885,"12.968116319","17.807206597","4.839090278","12.085","24.7315","12.6465"
677951,"Witt Jr., Bobby","KC",2025,2025,"All",2.7991847951777067,990,0.03939393939393939,32,7,0,2,0,34,7,22.595745139436026,-3.8221427393544283,"13.119604004","17.5060901","4.386486096","12.535461538","22.921923077","10.386461538"
669016,"Marsh, Brandon","PHI",2025,2025,"All",1.1033731403875702,595,0.011764705882352941,7,0,0,0,0,7,0,0.5937284818460689,2.1880609867074603,"12.292106306","15.564079279","3.271972973","11.781","22.072571429","10.291571429"
592626,"Pederson, Joc","TEX",2025,2025,"All",-0.08904653325780983,276,0.0036231884057971015,1,0,0,0,0,1,0,-2.5464921032792107,0.9338930831067385,"11.175052239","14.437712687","3.262660448","14.508","35.436","20.928"
669127,"Langeliers, Shea","ATH",2025,2025,"All",0.08651445213560854,676,0.010355029585798817,6,1,0,0,0,6,1,-1.726994832791276,0.9598075970974752,"11.775809741","14.664980213","2.889170472","10.909","21.780571429","10.871571429"
663698,"Bart, Joey","PIT",2025,2025,"All",-0.47894247637757253,417,0.004796163069544364,1,1,0,0,0,1,1,-3.630863503546695,0.5494004985150357,"9.464191283","12.929184019","3.464992736","9.749","20.7335","10.9845"
671277,"García Jr., Luis","WSH",2025,2025,"All",0.5500605981914508,610,0.027868852459016394,13,4,0,0,0,13,4,6.26003457307205,-1.5598807031621296,"12.196436742","16.45715078","4.260714038","11.078235294","24.140529412","13.062294118"
660688,"Ruiz, Keibert","WSH",2025,2025,"All",-1.2593791464317188,364,0.005494505494505495,0,2,0,0,0,0,2,-5.6694046026836205,-0.27888494643332185,"10.106163842","14.49629096","4.390127119","11.449","23.395","11.946"
667670,"Rooker, Brent","ATH",2025,2025,"All",0.050995258036015734,784,0.008928571428571428,6,1,0,0,0,6,1,-3.7742306138302277,1.790758624004578,"10.477224138","12.378844828","1.90162069","11.581285714","22.211142857","10.629857143"
608324,"Bregman, Alex","BOS",2025,2025,"All",-1.3344274130490148,661,0.0030257186081694403,1,1,1,0,0,1,2,-6.6956025938059796,0.010429123804846618,"11.64429695","15.326301766","3.682004815","12.0015","22.281","10.2795"
641943,"Palacios, Joshua","CWS",2025,2025,"All",-0.21221709718763865,211,0,0,0,0,0,0,0,0,-3.3156381007397426,1.0020233843562447,"11.779635897","16.061728205","4.282092308",,,
671221,"Waters, Drew","KC",2025,2025,"All",-1.1286195431025066,262,0.030534351145038167,5,3,1,0,0,5,4,1.1437276316730234,-3.016366820971347,"12.324037815","15.847197479","3.523159664","12.415375","21.646375","9.231"
681082,"Stott, Bryson","PHI",2025,2025,"All",2.3404071228198715,779,0.025673940949935817,18,2,0,0,0,18,2,9.526606709079598,0.9668572911198928,"11.421823934","15.97396011","4.552136176","11.922","23.65295","11.73095"
663457,"Nootbaar, Lars","STL",2025,2025,"All",-1.045823796602015,973,0.006166495375128468,3,3,0,2,0,5,3,-6.617842873232738,0.6172106178767454,"11.010404605","14.213905702","3.203501096","11.236","21.7182","10.4822"
676572,"Wagaman, Eric","MIA",2025,2025,"All",-0.009430738806771184,703,0.007112375533428165,4,1,0,0,0,4,1,-3.79891945037046,1.6674514472607112,"12.216563798","15.486658754","3.270094955","14.1166","29.854","15.7374"
456781,"Solano, Donovan","TEX",2025,2025,"All",-0.2581299890619118,204,0,0,0,0,0,0,0,0,-2.841820223639497,0.6894090125910837,"12.089120603","15.895417085","3.806296482",,,
666969,"García, Adolis","TEX",2025,2025,"All",0.910257031393479,653,0.022970903522205207,12,3,0,1,0,13,3,6.666082815579216,-0.9399100704941417,"11.719106164","15.465032534","3.74592637","12.2708","21.578333333","9.307533333"
682663,"Ramírez, Agustín","MIA",2025,2025,"All",1.5848413913545523,633,0.022116903633491312,13,1,0,0,0,13,1,5.4600494972466995,1.0951810931227126,"11.041853782","15.680626891","4.638773109","15.515384615","36.820615385","21.305230769"
696285,"Young, Jacob","WSH",2025,2025,"All",-1.5383733851313206,490,0.03877551020408163,12,7,1,0,0,12,8,6.22716742677938,-6.18623748997155,"13.18043662","15.926800469","2.74636385","13.999631579","23.858315789","9.858684211"
691016,"Soderstrom, Tyler","ATH",2025,2025,"All",0.14242254493994466,791,0.011378002528445006,7,2,0,2,0,9,2,-1.3949228144959525,0.9364602396425239,"11.15078768","14.894707733","3.743920052","12.074111111","23.362333333","11.288222222"
701538,"Merrill, Jackson","SD",2025,2025,"All",-0.5333240419324123,636,0.0031446540880503146,1,1,0,0,0,1,1,-5.990686313941635,1.4773627130131568,"13.038112263","17.007547496","3.969435233","12.531","22.3695","9.8385"
670042,"Raley, Luke","SEA",2025,2025,"All",-0.4361847204593147,309,0.006472491909385114,1,1,0,0,0,1,1,-2.3269001936005367,0.06487848502398363,"12.16925","15.463996667","3.294746667","11.9335","20.712","8.7785"
670623,"Paredes, Isaac","HOU",2025,2025,"All",-0.10194694679562137,629,0,0,0,0,0,0,0,0,-6.231488769404532,2.543001793522855,"11.286798691","14.700482815","3.413684124",,,
457759,"Turner, Justin","CHC",2025,2025,"All",0.035522416552448796,185,0.005405405405405406,1,0,0,0,0,1,0,-1.1814378133645786,0.6040221760563655,"12.145558011","15.018353591","2.87279558","15.763","33.278","17.515"
664034,"France, Ty","TOR",2025,2025,"All",-0.20154717812378403,687,0.001455604075691412,1,0,0,0,0,1,0,-6.1749943423446965,2.296559311878123,"11.60547813","15.867200603","4.261722474","10.545","16.569","6.024"
666185,"Carlson, Dylan","BAL",2025,2025,"All",-0.19669988544832526,331,0.012084592145015106,3,1,0,0,0,3,1,-0.8709532117641435,-0.05002054021221164,"12.242583607","15.852937705","3.610354098","11.6765","22.485","10.8085"
669236,"Jackson, Jeremiah","BAL",2025,2025,"All",-1.405150650893656,212,0.009433962264150943,0,2,1,0,0,0,3,-2.2613192781775964,-2.117526211684744,"12.554368687","16.132671717","3.57830303","12.4905","20.8085","8.318"
682985,"Greene, Riley","DET",2025,2025,"All",-0.7009247192189584,861,0.0023228803716608595,1,1,0,0,0,1,1,-9.176753164537017,2.5209464748632073,"11.703114634","13.931260976","2.228146341","10.174","19.777","9.603"
606115,"Arcia, Orlando","COL",2025,2025,"All",-0.9361852321245472,233,0.004291845493562232,0,1,1,0,0,0,2,-2.5342793576817058,-0.954065245751569,"11.103308036","15.113883929","4.010575893","11.558","18.341","6.783"
573262,"Yastrzemski, Mike","KC",2025,2025,"All",0.335952892120558,815,0.0098159509202454,6,2,0,3,0,9,2,-1.0133074936283673,1.196920868547176,"11.328498034","16.948048493","5.619550459","10.77075","22.73","11.95925"
641658,"Hampson, Garrett","STL",2025,2025,"All",0.05362993051382714,200,0.02,3,1,0,0,0,3,1,1.205357743678903,-0.41653692938211867,"13.646382514","16.726846995","3.080464481","13.47375","25.377","11.90325"
595978,"Hedges, Austin","CLE",2025,2025,"All",-0.9279733947734495,184,0.016304347826086956,1,2,0,0,0,1,2,-1.8234760331739166,-1.2517293069748145,"10.920055556","14.041922222","3.121866667","12.503333333","24.554333333","12.051"
670242,"Wallner, Matt","MIN",2025,2025,"All",0.33610574799058224,472,0.006355932203389831,3,0,0,0,0,3,0,-2.2000037127078746,1.7246810900714655,"11.099451542","14.303832599","3.204381057","11.202","29.031333333","17.829333333"
666182,"Bichette, Bo","TOR",2025,2025,"All",-1.172305551082515,1086,0.0055248618784530384,4,2,1,0,0,4,3,-8.52924531926632,1.1856522506016638,"11.505159462","15.390865514","3.885706052","12.816666667","26.662833333","13.846166667"
694388,"Loperfido, Joey","TOR",2025,2025,"All",-0.26829652792688385,166,0.012048192771084338,1,1,0,0,0,1,1,-0.7052320893632281,-0.2827780223427528,"11.084987261","15.963006369","4.878019108","10.6915","18.592","7.9005"
802415,"Simpson, Chandler","TB",2025,2025,"All",3.7475841416976894,854,0.053864168618266976,38,8,0,0,2,40,8,30.72010035451961,-5.325413176013904,"11.999280959","15.166782956","3.167501997","12.139434783","22.065543478","9.926108696"
686555,"Collins, Isaac","MIL",2025,2025,"All",-0.6072568921288047,572,0.022727272727272728,9,4,1,0,0,9,5,2.8926832301214174,-2.6350967514512904,"12.571776515","15.294625","2.722848485","11.833846154","22.640769231","10.806923077"
605170,"Caratini, Victor","HOU",2025,2025,"All",-0.1131524392358542,389,0,0,0,0,1,0,1,0,-3.497763039639553,1.3031114859823474,"11.607859788","15.030468254","3.422608466",,,
680577,"Keirsey Jr., DaShawn","MIN",2025,2025,"All",0.16544174957753216,189,0.0582010582010582,8,3,0,0,0,8,3,6.1100658783997766,-2.347936502449834,"13.686132184","16.649408046","2.963275862","12.843545455","23.211818182","10.368272727"
570482,"Urshela, Gio","ATH",2025,2025,"All",-0.7892747716445921,222,0.0045045045045045045,0,1,0,0,0,0,1,-3.635265996370878,-0.13827016082314758,"11.091660633","14.288343891","3.196683258","8.375","17.303","8.928"
668904,"Lewis, Royce","MIN",2025,2025,"All",0.5891864058325892,484,0.02066115702479339,9,1,1,0,0,9,2,4.077364689817975,-0.5028589602911232,"12.791214765","15.621469799","2.830255034","12.5207","25.2835","12.7628"
682657,"Martínez, Angel","CLE",2025,2025,"All",-0.3271202266697124,610,0.013114754098360656,7,1,2,0,0,7,3,0.6236001881605346,-1.0040894762262633,"12.390914591","15.948099644","3.557185053","13.026375","22.909875","9.8835"
656537,"Hill, Derek","CWS",2025,2025,"All",1.259854135814689,204,0.03431372549019608,7,0,0,0,0,7,0,5.111694375967019,0.5278116902695238,"12.791266667","16.978671795","4.187405128","11.39","20.444","9.054"
518595,"d'Arnaud, Travis","LAA",2025,2025,"All",-0.21885092824831925,193,0,0,0,0,0,0,0,0,-2.330911741062739,0.5496253776982859,"10.745575916","14.271141361","3.525565445",,,
682641,"Matos, Luis","SF",2025,2025,"All",0.6404468605413268,269,0.01486988847583643,4,0,0,0,0,4,0,1.6613435115035997,0.6848403516457915,"12.850644788","15.616440154","2.765795367","11.2825","20.8705","9.588"
660844,"Rivas, Leo","SEA",2025,2025,"All",0.5422723219878259,212,0.02830188679245283,6,0,1,0,0,6,1,3.4562379539598727,-0.33105615289810536,"14.014074468","18.255335106","4.241260638","13.639166667","24.526166667","10.887"
691594,"Sanoja, Javier","MIA",2025,2025,"All",-0.5951919761400264,413,0.01937046004842615,5,3,0,0,0,5,3,0.6869370850513852,-1.627954207000674,"11.438923483","15.830422164","4.391498681","11.808875","22.621375","10.8125"
683146,"Baty, Brett","NYM",2025,2025,"All",0.30449902807462426,448,0.017857142857142856,8,0,2,0,0,8,2,2.2361480525797943,-0.3171790720918545,"11.795706731","16.259550481","4.46384375","13.445125","25.352375","11.90725"
807712,"Keaschall, Luke","MIN",2025,2025,"All",0.23824835329212385,414,0.03140096618357488,10,3,0,0,0,10,3,5.342130480304327,-1.844839428374999,"11.543658602","15.191669355","3.648010753","13.148769231","24.343615385","11.194846154"
595777,"Profar, Jurickson","ATL",2025,2025,"All",0.14006227845670113,733,0.01227830832196453,7,2,0,1,0,8,2,-0.848343768336584,0.6882911824978185,"11.940982833","15.163440629","3.222457797","13.001666667","26.231","13.229333333"
592518,"Machado, Manny","SD",2025,2025,"All",0.36929690745259836,972,0.0102880658436214,9,1,1,0,0,9,2,-0.6756658728268745,1.1209557378177182,"12.362672867","15.71085558","3.348182713","14.1278","27.0073","12.8795"
650402,"Torres, Gleyber","DET",2025,2025,"All",-0.7362984522700698,1146,0.0034904013961605585,3,1,0,0,0,3,1,-12.800132500737233,4.052728995283059,"10.381607629","15.025643052","4.644035422","12.90575","30.677","17.77125"
679845,"Loftin, Nick","KC",2025,2025,"All",-0.38037691287840675,216,0.009259259259259259,1,1,0,0,0,1,1,-1.0355306089302578,-0.38504620242745646,"12.775574163","16.381229665","3.605655502","12.4595","22.3795","9.92"
663728,"Raleigh, Cal","SEA",2025,2025,"All",-1.2480223103247694,894,0.013422818791946308,8,4,1,0,0,8,5,-2.1391513281900583,-1.822648988192792,"11.582031026","15.208673031","3.626642005","12.615666667","27.437666667","14.822"
672761,"Pérez, Wenceel","DET",2025,2025,"All",-0.52209756935256,422,0.016587677725118485,5,2,1,0,0,5,3,0.254887379820278,-1.2735001007035973,"11.963062657","14.522471178","2.559408521","12.380428571","22.466285714","10.085857143"
700250,"Rice, Ben","NYY",2025,2025,"All",-0.11699022540782458,688,0.005813953488372093,3,1,0,1,0,4,1,-3.302075341162078,1.2076107618324208,"11.102989426","13.352675227","2.249685801","14.89775","29.40775","14.51"
687515,"Thomas, Colby","ATH",2025,2025,"All",0.1860507251676179,166,0.012048192771084338,2,0,0,0,0,2,0,-0.41971427575138154,0.599985734039765,"12.863278481","15.420867089","2.557588608","12.582","23.2385","10.6565"
671732,"Butler, Lawrence","ATH",2025,2025,"All",0.41562410320929444,849,0.030624263839811542,21,5,2,0,0,21,7,11.20169075880146,-4.054920107891095,"12.491408974","16.487675641","3.996266667","12.952461538","24.030153846","11.077692308"
691406,"Caminero, Junior","TB",2025,2025,"All",-0.3874590497287327,622,0.00964630225080386,5,1,1,0,0,5,2,-2.7032822038975097,0.34043864677950103,"11.250296358","13.582476821","2.332180464","11.280666667","18.269833333","6.989166667"
681987,"Eaton, Nate","BOS",2025,2025,"All",0.356928459832487,207,0.043478260869565216,7,2,0,0,0,7,2,4.806999056591981,-1.343269669968689,"10.990535135","14.193064865","3.20252973","11.226222222","22.038333333","10.812111111"
677587,"Rocchio, Brayan","CLE",2025,2025,"All",0.18754506781354935,467,0.019271948608137045,7,2,0,0,0,7,2,2.380316722893243,-0.6411517261446589,"11.8674","16.028556322","4.161156322","11.906111111","20.916777778","9.010666667"
605361,"Martini, Nick","COL",2025,2025,"All",-0.1903920391726412,177,0,0,0,0,0,0,0,0,-2.4690403700245525,0.6742578551828201,"11.705821839","18.117781609","6.41195977",,,
657077,"Verdugo, Alex","ATL",2025,2025,"All",-0.032135696527635656,265,0.0037735849056603774,1,0,0,0,0,1,0,-2.469766677797371,1.0262614200707518,"10.724882813","14.437855469","3.712972656","10.969","23.771","12.802"
628451,"Ibáñez, Andy","DET",2025,2025,"All",0.6619964871635664,165,0.024242424242424242,4,0,0,0,0,4,0,2.001597596896607,0.5815043728538777,"12.486761006","16.282886792","3.796125786","11.0845","24.58025","13.49575"
679032,"Rojas, Johan","PHI",2025,2025,"All",1.1071999101705763,200,0.065,11,2,0,0,0,11,2,8.397010964804588,-1.2715606284229823,"12.964646409","16.441834254","3.477187845","12.951384615","23.799076923","10.847692308"
666023,"Fermin, Freddy","SD",2025,2025,"All",-0.8878153663206743,461,0.0021691973969631237,0,1,0,0,0,0,1,-5.894079829013972,0.6466679988491554,"11.479486486","15.211637387","3.732150901","10.57","19.407","8.837"
620443,"Torrens, Luis","NYM",2025,2025,"All",-0.2740973914724224,381,0,0,0,0,0,0,0,0,-4.469475378880009,1.3773281873412877,"9.004588235","12.772045455","3.767457219",,,
682668,"Acuña, Luisangel","NYM",2025,2025,"All",2.551771920012204,481,0.033264033264033266,16,0,1,0,0,16,1,11.349348912827066,0.6264491943262003,"12.821896789","16.039167431","3.217270642","12.77725","21.718625","8.941375"
543760,"Semien, Marcus","TEX",2025,2025,"All",0.9926779839790126,692,0.014450867052023121,9,1,0,1,0,10,1,2.8066385443413564,0.9585561669127592,"13.093297546","17.140627301","4.047329755","12.6119","23.8615","11.2496"
691723,"Mayo, Coby","BAL",2025,2025,"All",0.12137444202359574,315,0.006349206349206349,2,0,0,0,0,2,0,-2.0307951611801096,1.1722966094658258,"11.403728758","15.345330065","3.941601307","13.5005","23.709","10.2085"
668942,"Rojas, Josh","CWS",2025,2025,"All",0.9818838030755151,273,0.014652014652014652,4,0,0,1,0,5,0,2.399448918637936,1.1155422652176172,"10.866696498","14.955459144","4.088762646","10.547","27.73525","17.18825"
673548,"Suzuki, Seiya","CHC",2025,2025,"All",-0.9227510482015081,692,0.0072254335260115606,3,2,0,0,0,3,2,-5.219177661475474,0.2690766313190789,"11.320081081","14.340944444","3.020863363","11.0028","21.598","10.5952"
665742,"Soto, Juan","NYM",2025,2025,"All",5.50320887051833,1174,0.02555366269165247,30,0,0,1,1,32,0,17.955621879680812,4.249076654627037,"11.509848684","15.638273496","4.128424812","14.639068966","28.826896552","14.187827586"
502671,"Goldschmidt, Paul","NYY",2025,2025,"All",-0.04525400653720882,836,0.007177033492822967,5,1,0,0,0,5,1,-4.714564932886745,1.9947977334225342,"10.628717172","13.300417929","2.671700758","11.137833333","23.235166667","12.097333333"
680977,"Donovan, Brendan","STL",2025,2025,"All",-0.07870155280090313,839,0.004767580452920143,3,1,0,0,0,3,1,-5.971739493132482,2.479214101834659,"11.043690123","13.838634568","2.794944444","11.0315","25.0145","13.983"
664774,"Wade Jr., LaMonte","LAA",2025,2025,"All",0.08405122713911461,257,0.0038910505836575876,1,0,0,0,0,1,0,-1.2915749372882401,0.7608138102150279,"12.310429719","16.724626506","4.414196787","11.527","23.211","11.684"
596115,"Story, Trevor","BOS",2025,2025,"All",4.253335449309981,978,0.02556237218813906,24,1,0,2,1,27,1,17.466453058778935,1.6889885278982042,"12.458036872","15.904700559","3.446663687","12.18656","23.591","11.40444"
663647,"Hayes, Ke'Bryan","CIN",2025,2025,"All",-0.2621661705312244,840,0.007142857142857143,5,1,0,0,0,5,1,-6.081362638709287,2.120236349356967,"11.753079545","16.584280303","4.831200758","14.622666667","29.921166667","15.2985"
657656,"Laureano, Ramón","SD",2025,2025,"All",-1.3049018356837672,578,0.015570934256055362,5,4,0,0,0,5,4,-2.5805598321498264,-1.752866376119562,"10.381566421","13.068256458","2.686690037","12.393111111","27.305","14.911888889"
650968,"Pozo, Yohel","STL",2025,2025,"All",-0.2893069252917749,186,0,0,0,0,0,0,0,0,-3.000305112940795,0.6905646606586323,"10.555798913","14.427380435","3.871581522",,,
668939,"Rutschman, Adley","BAL",2025,2025,"All",-0.3429559936786155,502,0,0,0,0,0,0,0,0,-5.994518091723416,1.9021058325912623,"10.643707317","13.179304878","2.535597561",,,
695657,"Montgomery, Colson","CWS",2025,2025,"All",-0.6597271453786111,306,0,0,0,1,0,0,0,1,-3.825507256840966,0.23416512442128806,"11.326748322","14.799077181","3.472328859",,,
671056,"Herrera, Iván","STL",2025,2025,"All",0.4284493665496686,727,0.011004126547455296,7,1,0,0,0,7,1,-1.6911369240847662,1.7037261141480489,"11.141437768","14.896959943","3.755522175","10.437428571","26.085285714","15.647857143"
680757,"Kwan, Steven","CLE",2025,2025,"All",0.6289948150581822,1401,0.014275517487508922,16,4,0,0,1,17,4,0.36586656769395964,1.2351588922653152,"11.198367315","15.248852918","4.050485603","12.20995","24.2479","12.03795"
645277,"Albies, Ozzie","ATL",2025,2025,"All",0.260118383100161,861,0.012775842044134728,10,1,1,0,0,10,2,-1.6058764688637033,1.2917637263842257,"11.744790343","14.852219822","3.107429479","12.339727273","23.933","11.593272727"
695578,"Wood, James","WSH",2025,2025,"All",-0.5658237748184993,1062,0.01694915254237288,13,5,2,2,0,15,7,3.7527264965129574,-2.9252646091580297,"11.603896928","14.758223984","3.154327056","11.801055556","22.051","10.249944444"
678009,"Meadows, Parker","DET",2025,2025,"All",0.661153874441037,288,0.010416666666666666,3,0,0,1,0,4,0,0.6770325554065892,1.1683274741327134,"11.653168498","14.810637363","3.157468864","11.317333333","20.154333333","8.837"
670156,"Mastrobuoni, Miles","SEA",2025,2025,"All",-0.6823383654642844,317,0.025236593059936908,5,3,0,0,0,5,3,1.0107714495846887,-1.965539234180483,"12.457937063","15.653178322","3.195241259","12.546375","24.52425","11.977875"
665828,"Cabrera, Oswaldo","NYY",2025,2025,"All",-0.6292265467497499,172,0.005813953488372093,0,1,0,0,0,0,1,-2.1906445779263057,-0.4246614025877536,"11.048808383","14.826688623","3.77788024","6.718","18.212","11.494"
687263,"Neto, Zach","LAA",2025,2025,"All",-0.8863932589010439,853,0.03399765533411489,21,8,3,1,1,23,11,13.996579714286343,-8.19046489279626,"12.820315232","17.320622517","4.500307285","12.881482759","25.840448276","12.958965517"
647351,"Toro, Abraham","BOS",2025,2025,"All",0.006635210677610581,358,0.002793296089385475,1,0,0,0,0,1,0,-3.0013673912459597,1.3486859753928941,"11.558185185","15.31239886","3.754213675","10.4","22.62","12.22"
467793,"Santana, Carlos","CHC",2025,2025,"All",0.008776656137187023,631,0.003169572107765452,2,0,0,1,0,3,0,-5.595810094820528,2.506530389113983,"11.089582114","15.492993496","4.403411382","10.6985","24.9105","14.212"
666139,"Lowe, Josh","TB",2025,2025,"All",0.37492996127053413,513,0.03508771929824561,14,4,1,1,0,15,5,8.933786680551728,-3.1373941663107012,"11.598779698","17.016164147","5.417384449","11.740666667","24.435722222","12.695055556"
624431,"Trevino, Jose","CIN",2025,2025,"All",-0.30816672254941896,407,0,0,0,0,0,0,0,0,-4.068681362513275,1.1234878887849693,"10.442888337","14.857367246","4.414478908",,,
681481,"Carpenter, Kerry","DET",2025,2025,"All",-0.29709424476277185,591,0,0,0,0,0,0,0,0,-6.0546971766139865,2.0307670901333856,"11.036225303","14.19602253","3.159797227",,,
595879,"Báez, Javier","DET",2025,2025,"All",0.4259114234304273,515,0.007766990291262136,4,0,0,0,0,4,0,-1.9317212698970532,1.8050126164663072,"10.14552459","13.757026639","3.611502049","11.5975","30.5865","18.989"
805373,"Alvarez Jr., Nacho","ATL",2025,2025,"All",-0.32089684287709447,271,0,0,0,0,0,0,0,0,-3.5709087992647133,0.8739664821685488,"11.911298851","14.598517241","2.687218391",,,
678882,"Rafaela, Ceddanne","BOS",2025,2025,"All",1.6978237152315552,771,0.02594033722438392,18,2,1,0,0,18,3,10.567122261174685,-0.9235571933408687,"11.272497167","14.950160057","3.67766289","11.5782","23.00295","11.42475"
662139,"Varsho, Daulton","TOR",2025,2025,"All",-0.13359455888048563,169,0,0,0,0,0,0,0,0,-1.8305802606290023,0.516714429434033,"10.95045283","14.182540881","3.23208805",,,
669221,"Murphy, Sean","ATL",2025,2025,"All",-0.12221367375579766,301,0,0,0,0,0,0,0,0,-3.225813267242618,1.1621088437616127,"11.283558528","14.168632107","2.885073579",,,
624424,"Conforto, Michael","LAD",2025,2025,"All",-0.44852060455703774,744,0,0,0,0,0,0,0,0,-9.030743095761824,3.0169511435451715,"11.503190278","15.139441667","3.636251389",,,
686527,"Canzone, Dominic","SEA",2025,2025,"All",-0.3905947574073234,439,0.00683371298405467,2,1,0,0,0,2,1,-3.104478975802563,0.5117800838959784,"11.052929612","15.261728155","4.208798544","11.923","23.468666667","11.545666667"
660271,"Ohtani, Shohei","LAD",2025,2025,"All",1.2051405394616028,1166,0.018867924528301886,18,4,0,1,0,19,4,5.982014772751339,0.019416855358524665,"12.551586494","16.27473358","3.723147086","13.363454545","24.399909091","11.036454545"
545361,"Trout, Mike","LAA",2025,2025,"All",-0.3405849390598614,757,0.001321003963011889,1,0,0,0,0,1,0,-8.93366147209745,3.2136607896880625,"10.645916894","13.166614441","2.520697548","11.205","17.505","6.3"
680776,"Duran, Jarren","BOS",2025,2025,"All",1.2791388667403496,1014,0.026627218934911243,22,5,1,1,0,23,6,12.047218729971958,-2.511788620564519,"12.68311694","16.532087432","3.848970492","12.120296296","24.05937037","11.939074074"
683002,"Henderson, Gunnar","BAL",2025,2025,"All",2.3921415661768766,1008,0.030753968253968252,26,5,0,0,0,26,5,15.181211513217894,-1.4313349699260087,"13.336586538","17.517367521","4.180780983","13.718","25.491709677","11.773709677"
676059,"Westburg, Jordan","BAL",2025,2025,"All",-1.4900795373719384,504,0.005952380952380952,1,2,1,0,0,1,3,-5.622908202807893,-0.8122175484674643,"12.068271222","15.541440994","3.473169772","12.054","20.616","8.562"
672640,"Lopez, Otto","MIA",2025,2025,"All",0.7639492394828107,759,0.022397891963109356,13,4,0,1,1,15,4,6.327596175847674,-1.1145999904149404,"12.310979381","16.99433137","4.683351988","11.448823529","21.104705882","9.655882353"
668804,"Reynolds, Bryan","PIT",2025,2025,"All",-1.442454308500835,811,0.002466091245376079,0,2,0,0,0,0,2,-7.950805866378632,0.3282374772775345,"11.700449109","14.472699746","2.772250636","10.0005","19.3135","9.313"
686475,"Tolbert, Tyler","KC",2025,2025,"All",1.5292044140843255,264,0.08333333333333333,20,2,3,0,0,20,5,17.315376133386163,-4.297490694650881,"13.940386957","18.287717391","4.347330435","13.349318182","24.413090909","11.063772727"
664059,"Haggerty, Sam","TEX",2025,2025,"All",0.9294731548308419,362,0.03591160220994475,11,2,0,0,0,11,2,6.872096013538297,-0.9887689952818144,"12.783231746","17.265898413","4.482666667","13.689769231","27.615153846","13.925384615"
693307,"Dingler, Dillon","DET",2025,2025,"All",-0.3993738065956511,621,0,0,0,0,0,0,0,0,-6.371188775689389,1.9441421078716097,"10.841021311","15.091868852","4.250847541",,,
665561,"Marchán, Rafael","PHI",2025,2025,"All",-0.140491456630933,166,0,0,0,0,0,0,0,0,-2.0276422911087164,0.5889711146462451,"11.265879518","16.474801205","5.208921687",,,
686611,"Crews, Dylan","WSH",2025,2025,"All",-0.3412983971486627,374,0.0481283422459893,13,5,1,0,0,13,6,8.201682331545413,-4.403633029906118,"11.849707831","14.97478012","3.125072289","12.382444444","22.742055556","10.359611111"
700242,"Sweeney, Trey","DET",2025,2025,"All",-0.34542847541330535,479,0.006263048016701462,2,1,0,0,0,2,1,-3.4729505008212085,0.77591472166876,"12.135240088","14.997550661","2.862310573","11.687333333","20.746333333","9.059"
686668,"Doyle, Brenton","COL",2025,2025,"All",2.7707685383930114,676,0.028106508875739646,18,1,0,0,0,18,1,11.352336831592153,1.1117803823879573,"12.113448758","15.336069876","3.222621118","12.256421053","21.677789474","9.421368421"
688363,"Pauley, Graham","MIA",2025,2025,"All",-0.24532387776559844,266,0.0037593984962406013,1,0,1,0,0,1,1,-1.4348538637215673,0.09254865550825571,"11.879512","15.217656","3.338144","11.632","25.6","13.968"
668901,"Vientos, Mark","NYM",2025,2025,"All",-0.05638095912352361,567,0.001763668430335097,1,0,0,0,0,1,0,-5.415925117127762,2.2817868095600624,"10.970185874","13.415234201","2.445048327","13.764","47.42","33.656"
593428,"Bogaerts, Xander","SD",2025,2025,"All",1.2640951516749845,713,0.021037868162692847,13,2,0,0,0,13,2,6.02002563736096,0.13353338711731685,"12.114050822","16.183727952","4.06967713","12.2916","24.3994","12.1078"
691019,"Teel, Kyle","CWS",2025,2025,"All",-0.018381368876773618,507,0.0019723865877712033,1,0,0,0,0,1,0,-4.166062531023924,1.810735860728918,"11.482564417","14.702071575","3.219507157","16.265","35.819","19.554"
647304,"Naylor, Josh","SEA",2025,2025,"All",3.37816317086943,841,0.027348394768133173,22,1,0,0,0,22,1,13.059690374311305,1.7027224355714863,"11.145644243","14.286034929","3.140390686","12.45573913","29.20926087","16.753521739"
677595,"Mauricio, Ronny","NYM",2025,2025,"All",0.49116416818968384,233,0.017167381974248927,4,0,0,0,0,4,0,0.5565036744175966,0.8441409629025894,"11.392967593","14.843430556","3.450462963","14.03275","28.51875","14.486"
543807,"Springer, George","TOR",2025,2025,"All",1.9107284514711653,971,0.016477857878475798,15,1,0,0,0,15,1,4.325123734130681,2.3237860103222863,"12.217818182","16.063182927","3.845364745","12.08125","23.284625","11.203375"
605137,"Bell, Josh","WSH",2025,2025,"All",-0.9001596316561334,674,0.001483679525222552,0,1,0,0,0,0,1,-8.46384860008091,1.761355751911219,"10.466915535","13.0673273","2.600411765","13.67","20.613","6.943"
676391,"Clement, Ernie","TOR",2025,2025,"All",-1.7887706308005045,795,0.012578616352201259,5,5,0,0,0,5,5,-3.7546368903003318,-2.3063183394231963,"11.163787717","14.697955941","3.534168224","11.3155","22.5272","11.2117"
624585,"Soler, Jorge","LAA",2025,2025,"All",-0.3532892565641127,392,0,0,0,0,0,0,0,0,-5.397882287586767,1.6139715576738678,"9.770395778","13.430139842","3.659744063",,,
668709,"Bleday, JJ","ATH",2025,2025,"All",-1.110857983087052,479,0.006263048016701462,1,2,0,0,0,1,2,-4.320087742993272,-0.5485342988631048,"12.167882609","15.823708696","3.655826087","10.457666667","19.965","9.507333333"
700337,"Quero, Edgar","CWS",2025,2025,"All",-0.8458416673725587,523,0.0019120458891013384,0,1,0,0,0,0,1,-6.3573687992261805,0.9458490943837204,"10.361356725","14.00148538","3.640128655","11.297","16.372","5.075"
642708,"Rosario, Amed","NYY",2025,2025,"All",-0.4820205747094399,298,0.003355704697986577,1,0,1,0,0,1,1,-2.1584387036331414,-0.11185074218402587,"11.356066434","15.065702797","3.709636364","10.899","24.667","13.768"
656811,"O'Hearn, Ryan","SD",2025,2025,"All",-1.2037606990716425,858,0.0034965034965034965,2,1,1,0,0,2,2,-8.769982859292455,1.2227463839707733,"11.584798329","15.144119332","3.559321002","10.621","23.066","12.445"
805779,"Wilson, Jacob","ATH",2025,2025,"All",-0.6449760618344821,820,0.004878048780487805,3,1,0,0,0,3,1,-6.936621242857913,1.6496626371935537,"12.499167095","15.333633676","2.834466581","13.2195","25.0925","11.873"
663624,"Mountcastle, Ryan","BAL",2025,2025,"All",-0.45162584105229137,571,0,0,0,0,0,0,0,0,-6.090128077150483,1.7031106097284547,"10.64949195","13.916631485","3.267139535",,,
702284,"Young, Cole","SEA",2025,2025,"All",-0.06374853956039703,338,0.0029585798816568047,1,0,0,0,0,1,0,-3.001021873784144,1.1921240782142917,"12.500808442","15.251665584","2.750857143","11.035","24.621","13.586"
643376,"Jansen, Danny","MIL",2025,2025,"All",-0.20833492812715776,433,0,0,0,0,0,0,0,0,-4.549923062855313,1.5592215209864555,"10.078163895","13.882871734","3.804707838",,,
678662,"Tovar, Ezequiel","COL",2025,2025,"All",-1.316418632671004,526,0.015209125475285171,5,3,1,0,0,5,4,-1.7530728077423232,-2.1462312691612055,"12.162878543","17.127374494","4.964495951","13.077625","24.959","11.881375"
664238,"Moore, Dylan","TEX",2025,2025,"All",0.9070678839647212,344,0.0436046511627907,12,3,0,1,0,13,3,8.847098401977233,-1.91633732540161,"13.434692547","17.76160559","4.326913043","13.072533333","23.7402","10.667666667"
543309,"Higashioka, Kyle","TEX",2025,2025,"All",-0.5647658505284607,349,0.0057306590257879654,1,1,0,0,0,1,1,-2.9970556537835233,0.07698951161832007,"10.783761765","13.753752941","2.969991176","10.368","19.2675","8.8995"
665966,"Narváez, Carlos","BOS",2025,2025,"All",-0.3972513351054152,481,0,0,0,1,2,0,2,1,-3.182680881183245,0.5317440914027413,"11.461980769","14.46241453","3.000433761",,,
518934,"LeMahieu, DJ","NYY",2025,2025,"All",-0.061992701931212604,234,0,0,0,0,0,0,0,0,-2.9985909625184433,1.1949455346055018,"10.220929515","14.043110132","3.822180617",,,
502054,"Pham, Tommy","PIT",2025,2025,"All",-0.16323810715898035,685,0.0072992700729927005,4,1,1,1,0,5,2,-3.0459253756389586,0.9909932621529155,"12.232878549","15.96107571","3.728197161","12.83925","25.75375","12.9145"
596103,"Slater, Austin","NYY",2025,2025,"All",0.09514885876560424,256,0.00390625,1,0,0,0,0,1,0,-1.5738227083091867,0.9109186676165364,"11.99637551","15.331563265","3.335187755","11.97","24.597","12.627"
676609,"Caballero, José","NYY",2025,2025,"All",3.390397081455683,627,0.07974481658692185,42,8,2,0,0,42,10,35.23405135316197,-8.125362642614927,"12.605161654","16.916154135","4.310992481","13.9751875","25.920208333","11.945020833"
686217,"Frelick, Sal","MIL",2025,2025,"All",0.5689041607738194,1058,0.013232514177693762,11,3,0,0,1,12,3,0.6464494983127095,0.9769205802472873,"11.65886168","13.743222336","2.084360656","12.029142857","20.690928571","8.661785714"
621493,"Ward, Taylor","LAA",2025,2025,"All",-0.7339022985962248,874,0.003432494279176201,2,1,0,0,0,2,1,-8.295485682101429,2.055988528497916,"11.354343566","15.136930342","3.782586777","10.917333333","22.703333333","11.786"
571657,"Farmer, Kyle","COL",2025,2025,"All",-0.8175098550759473,484,0.002066115702479339,0,1,0,0,0,0,1,-5.963786153834208,0.8338830570908751,"10.832976546","13.442710021","2.609733475","8.79","20.844","12.054"
672275,"Bailey, Patrick","SF",2025,2025,"All",-0.02852628296118321,578,0.0017301038062283738,1,0,0,0,0,1,0,-5.195962722085234,2.245925025457476,"9.460532258","14.947405018","5.48687276","14.726","37.535","22.809"
672820,"Sosa, Lenyn","CWS",2025,2025,"All",-0.6269482565618907,589,0.003395585738539898,1,1,0,0,0,1,1,-4.552459484138614,0.630096978368513,"12.044853309","16.72713059","4.682277281","11.7375","20.103","8.3655"
693304,"Gonzales, Nick","PIT",2025,2025,"All",-1.253436429437877,692,0.002890173410404624,0,2,0,0,0,0,2,-7.908415194960115,0.7294369101203285,"10.732292424","14.017925758","3.285633333","10.2185","19.885","9.6665"
545341,"Grichuk, Randal","KC",2025,2025,"All",-0.21275754454656984,269,0,0,0,0,0,0,0,0,-2.913690896724319,0.8221791884406534,"12.080431818","14.133503788","2.05307197",,,
694384,"Schanuel, Nolan","LAA",2025,2025,"All",-0.024351524248628048,1128,0.004432624113475178,5,0,0,0,0,5,0,-8.932323289370146,3.9158069636119963,"11.803404982","14.911911439","3.108506458","14.2362","27.7576","13.5214"
687401,"Ortiz, Joey","MIL",2025,2025,"All",-0.13451173783959539,566,0.014134275618374558,6,2,0,0,0,6,2,-0.397113391079416,-0.12242013249713925,"12.481477099","15.028104962","2.546627863","12.807","22.640125","9.833125"
666158,"Lux, Gavin","CIN",2025,2025,"All",-0.640404489695671,798,0,0,0,0,0,0,0,0,-9.374071066324007,2.7431327190425137,"10.972277705","14.940516297","3.968238592",,,
641598,"Garver, Mitch","SEA",2025,2025,"All",-0.03157683492813197,371,0.005390835579514825,2,0,0,0,0,2,0,-3.040382523983901,1.281110377485885,"9.816462185","13.208106443","3.391644258","9.655","21.861","12.206"
669911,"Toglia, Michael","COL",2025,2025,"All",0.35489292725936034,372,0.008064516129032258,3,0,0,0,0,3,0,-1.4490378714368262,1.4326677812149449,"12.007092141","14.484897019","2.477804878","12.025","23.437","11.412"
696030,"Osuna, Alejandro","TEX",2025,2025,"All",-1.005843134977396,257,0.03501945525291829,5,4,0,0,0,5,4,1.2797071499812118,-2.8039656999414193,"11.70111157","16.871433884","5.170322314","11.132444444","21.785444444","10.653"
650859,"Rengifo, Luis","LAA",2025,2025,"All",-2.3877026114052713,793,0.017654476670870115,7,7,1,2,0,9,8,-0.5087598737749627,-5.079890303667288,"12.952949198","15.475276738","2.52232754","12.325357143","22.060571429","9.735214286"
669397,"Allen, Nick","ATL",2025,2025,"All",-1.4207325439317096,595,0.023529411764705882,8,6,0,0,0,8,6,0.9512400593548678,-3.5799567906726284,"11.828532374","15.080956835","3.25242446","11.306214286","24.248785714","12.942571429"
672695,"Perdomo, Geraldo","AZ",2025,2025,"All",2.5340175241254315,1243,0.02091713596138375,23,3,0,0,0,23,3,8.886000509502532,1.6818164938331737,"10.890745852","14.900482096","4.009736245","12.776115385","25.584384615","12.808269231"
670541,"Alvarez, Yordan","HOU",2025,2025,"All",-0.7735337583201052,276,0.0036231884057971015,0,1,0,0,0,0,1,-3.444427308175184,-0.18810732596681728,"12.00498513","16.075788104","4.070802974","15.448","21.764","6.316"
656941,"Schwarber, Kyle","PHI",2025,2025,"All",-0.8468158902186979,752,0.006648936170212766,3,2,0,0,0,3,2,-6.350171285559765,0.9404852597627892,"11.177673582","15.461864454","4.284190871","13.8042","29.94","16.1358"
669707,"Triolo, Jared","PIT",2025,2025,"All",1.3516469857382822,593,0.02023608768971332,11,1,0,0,0,11,1,4.215543328056313,1.1300851558378233,"12.012794918","15.576130672","3.563335753","12.05325","24.662583333","12.609333333"
643446,"McNeil, Jeff","NYM",2025,2025,"All",0.2817142460593476,637,0.0031397174254317113,2,0,0,0,1,3,0,-4.670575423171974,2.701842957097206,"9.264019231","11.073305944","1.809286713","10.9995","26.609","15.6095"
656775,"Mullins, Cedric","NYM",2025,2025,"All",2.489124587775909,621,0.0322061191626409,19,1,1,0,0,19,2,11.98114299232486,0.2064355318020814,"12.298523397","16.649038128","4.350514731","12.6367","25.16595","12.52925"
687637,"Beavers, Dylan","BAL",2025,2025,"All",-0.6424368059661121,287,0.013937282229965157,2,2,0,0,0,2,2,-1.0749220274512208,-0.949894223279706,"9.933800725","13.931710145","3.99790942","10.82025","21.29125","10.471"
683737,"Busch, Michael","CHC",2025,2025,"All",0.25618124196499764,832,0.004807692307692308,4,0,0,0,0,4,0,-5.252358521342412,2.903673213852181,"12.13328839","15.934453184","3.801164794","13.39725","30.0445","16.64725"
680574,"McLain, Matt","CIN",2025,2025,"All",1.5070969196001995,720,0.022222222222222223,14,2,0,0,0,14,2,6.451473184556585,0.481782850419714,"12.606697194","15.998884786","3.392187592","11.3916875","21.1995625","9.807875"
602104,"Urías, Ramón","HOU",2025,2025,"All",0.048241245749996886,457,0.002188183807439825,1,0,0,1,0,2,0,-3.3013281342300953,1.5744597168800354,"10.851100223","14.106922049","3.255821826","14.176","37.713","23.537"
680777,"Jeffers, Ryan","MIN",2025,2025,"All",-0.5596601056767065,612,0.0016339869281045752,1,0,1,0,0,1,1,-5.143456370904741,1.0422914855649814,"11.127627946","15.034540404","3.906912458","10.365","23.035","12.67"
670224,"Misner, Kameron","TB",2025,2025,"All",0.39899164243722185,254,0.023622047244094488,5,1,0,0,0,5,1,2.4019744199701374,-0.18089609234846377,"11.800065789","15.913114035","4.113048246","12.510166667","23.813666667","11.3035"
669701,"Smith, Josh","TEX",2025,2025,"All",-0.6222651469599906,1025,0.012682926829268294,10,3,1,0,0,10,4,-2.317802444089638,-0.3526770180934805,"11.258897463","15.328421776","4.069524313","12.253538462","23.19","10.936461538"
665833,"Cruz, Oneil","PIT",2025,2025,"All",3.950577655765854,768,0.049479166666666664,33,5,0,0,0,33,5,25.752127811576635,-2.666328681221044,"12.195276012","15.832648844","3.637372832","12.032473684","19.989236842","7.956763158"
686797,"Lee, Brooks","MIN",2025,2025,"All",-0.9400625573590404,679,0.004418262150220913,2,1,1,0,0,2,2,-4.928969973153303,0.10162541615915581,"12.285925697","14.94619969","2.660273994","12.717666667","23.601333333","10.883666667"
670770,"Friedl, TJ","CIN",2025,2025,"All",0.07636743836011661,1283,0.009353078721745909,11,1,2,0,0,11,3,-2.946568917715663,1.4792916042294393,"12.099832629","15.7183694","3.618536771","11.94025","23.513916667","11.573666667"
666211,"Trammell, Taylor","HOU",2025,2025,"All",-0.04000924731402629,194,0.020618556701030927,3,1,0,0,0,3,1,0.6144606498498676,-0.3620030606311097,"11.577231183","16.208091398","4.630860215","11.1","21.17475","10.07475"
665877,"Fermín, José","STL",2025,2025,"All",0.06985913233052496,162,0.006172839506172839,1,0,0,0,0,1,0,-0.7610501652117905,0.49348703416196255,"11.852657534","15.481849315","3.629191781","16.684","38.015","21.331"
687462,"Horwitz, Spencer","PIT",2025,2025,"All",-0.33450050962287337,574,0,0,0,0,0,0,0,0,-7.064218881251774,2.3963183702832946,"10.68683842","14.56451167","3.87767325",,,
596019,"Lindor, Francisco","NYM",2025,2025,"All",2.9704958527260494,1193,0.02347024308466052,25,3,0,0,0,25,3,12.647307571989085,0.9800763073960704,"12.726896617","17.512921992","4.786025376","14.502148148","29.219222222","14.717074074"
668715,"Steer, Spencer","CIN",2025,2025,"All",0.242569982466924,774,0.007751937984496124,5,1,0,1,0,6,1,-2.2850431771035806,1.554619150861427,"12.056654667","15.374205333","3.317550667","9.837166667","23.636166667","13.799"
669357,"Gorman, Nolan","STL",2025,2025,"All",-0.2925052938957422,442,0,0,0,0,0,0,0,0,-5.451071810858359,1.7726868183909545,"11.292853828","14.597890951","3.305037123",,,
676475,"Burleson, Alec","STL",2025,2025,"All",0.13037526470145858,746,0.005361930294906166,3,1,0,1,0,4,1,-3.904221362009996,2.0249323046743593,"11.475091922","14.623345404","3.148253482","13.05025","30.382","17.33175"
691720,"Karros, Kyle","COL",2025,2025,"All",-0.6327377021124813,240,0,0,0,1,0,0,0,1,-2.644501404527353,-0.23074982490447038,"13.103418103","15.938961207","2.835543103",,,
673237,"Diaz, Yainer","HOU",2025,2025,"All",-1.069220398432926,732,0.001366120218579235,0,1,0,0,0,0,1,-9.31698040101332,1.764834848377197,"11.205114525","14.768692737","3.563578212","11.257","19.446","8.189"
553869,"Díaz, Elias","SD",2025,2025,"All",-0.11268229933018585,234,0,0,0,0,0,0,0,0,-2.554482627277873,0.8849205025008638,"11.654121212","15.311025974","3.656904762",,,
683083,"Nuñez, Nasim","WSH",2025,2025,"All",1.4585179921847462,178,0.0449438202247191,8,0,0,0,0,8,0,6.051497677491465,0.551596570414347,"11.62880625","15.2849875","3.65618125","13.470625","25.71175","12.241125"
665161,"Peña, Jeremy","HOU",2025,2025,"All",1.9658125912516164,1009,0.01684836471754212,16,1,1,1,1,18,2,7.329174273777491,1.1110616366580448,"12.918155413","16.851376206","3.933220793","12.952941176","23.370470588","10.417529412"
642180,"Wade, Tyler","SD",2025,2025,"All",-1.234857953606682,205,0.014634146341463415,1,2,1,0,0,1,3,-1.2673213600545215,-2.1808748479906157,"12.794582418","15.708510989","2.913928571","14.279","25.779","11.5"
690022,"Ritter, Ryan","COL",2025,2025,"All",0.16186624298117072,298,0.013422818791946308,3,1,0,1,0,4,1,0.5201236009810657,0.12853671729990526,"12.601613718","16.246148014","3.644534296","12.9395","22.41675","9.47725"
666971,"Gurriel Jr., Lourdes","AZ",2025,2025,"All",0.20104703466700447,652,0.01687116564417178,8,3,0,2,0,10,3,2.9079060336584224,-0.8456314934770661,"13.007644013","16.101796117","3.094152104","14.185454545","25.378545455","11.193090909"
656716,"McKinstry, Zach","DET",2025,2025,"All",0.5439456744398876,651,0.027649769585253458,14,4,0,0,0,14,4,6.4381920090211135,-1.652650505254077,"12.164135179","15.722456026","3.558320847","12.879277778","22.999055556","10.119777778"
657757,"Sheets, Gavin","SD",2025,2025,"All",-0.6986444102684438,668,0.0029940119760479044,1,1,0,0,0,1,1,-6.413471682819559,1.2978887251010343,"12.585527356","15.24837234","2.662844985","9.6125","14.902","5.2895"
641680,"Heim, Jonah","TEX",2025,2025,"All",-0.40747639667181124,442,0.004524886877828055,2,0,1,0,0,2,1,-2.6951348619375253,0.29233461270154204,"11.645841121","15.983037383","4.337196262","12.5745","26.5535","13.979"
672386,"Kirk, Alejandro","TOR",2025,2025,"All",-0.4615596358009573,663,0,0,0,0,0,0,0,0,-7.717297210440969,2.4042217917494146,"9.802534456","12.860914242","3.058379786",,,
682998,"Carroll, Corbin","AZ",2025,2025,"All",2.8735033572546804,923,0.03358613217768147,26,5,0,2,0,28,5,18.071339388739155,-1.6461433788736815,"10.47997491","14.216896057","3.736921147","12.254935484","23.831","11.576064516"
702616,"Holliday, Jackson","BAL",2025,2025,"All",-2.7040039834601144,1194,0.021775544388609715,17,9,3,0,0,17,12,2.7540285688156,-7.232910438273841,"11.930161496","15.657712591","3.727551095","12.72964","23.77892","11.04928"
676801,"McCormick, Chas","HOU",2025,2025,"All",-0.11485278590465794,167,0.017964071856287425,2,1,0,0,0,2,1,0.4980932809254128,-0.4766032046438682,"11.334259494","14.486734177","3.152474684","12.729333333","22.609666667","9.880333333"
807713,"Shaw, Matt","CHC",2025,2025,"All",-0.6765250644334866,555,0.03063063063063063,12,5,1,0,0,12,6,6.316928161741933,-4.310912659515292,"12.28622334","15.600637827","3.314414487","12.766882353","23.43","10.663117647"
695734,"Lile, Daylen","WSH",2025,2025,"All",-2.548311701491804,410,0.03414634146341464,8,6,3,0,0,8,9,3.7280442785727366,-7.319823460458545,"12.359345845","15.816865952","3.457520107","13.550928571","21.8525","8.301571429"
663697,"India, Jonathan","KC",2025,2025,"All",-1.9411270057772152,800,0.00375,0,3,0,0,0,0,3,-10.667327365467253,0.42741881625830336,"11.532352632","15.824038158","4.291685526","12.686333333","20.714333333","8.028"
676914,"Schneider, Davis","TOR",2025,2025,"All",-0.05131756156957718,287,0.013937282229965157,3,1,0,0,0,3,1,-0.7332304192303934,0.21184116061444574,"12.221623656","14.145648746","1.92402509","13.49325","23.5475","10.05425"
680728,"Del Castillo, Adrian","AZ",2025,2025,"All",0.01402953878461522,175,0,0,0,0,0,0,0,0,-1.4663983874838111,0.6829093695141724,"12.158635294","16.441858824","4.283223529",,,
521692,"Perez, Salvador","KC",2025,2025,"All",-0.5050185319820526,671,0,0,0,0,0,0,0,0,-7.36003362493253,2.148862651121008,"11.442330261","14.762402458","3.320072197",,,
663330,"Jones, Jahmai","DET",2025,2025,"All",0.21999516001999936,287,0.006968641114982578,2,0,0,0,0,2,0,-0.980853340052538,0.9248129511789056,"13.68240458","18.606862595","4.924458015","12.399","22.992","10.593"
664983,"McCarthy, Jake","AZ",2025,2025,"All",0.48654101449897935,235,0.02127659574468085,5,0,1,0,0,5,1,2.893766652689278,-0.20491625786417042,"11.494583333","14.891888889","3.397305556","13.0306","25.145","12.1144"
691781,"House, Brady","WSH",2025,2025,"All",0.12142571036955979,280,0.017857142857142856,4,1,0,0,0,4,1,1.1684626685805224,-0.2494818296589851,"12.502169675","16.083353791","3.581184116","11.039","19.6574","8.6184"
650490,"Díaz, Yandy","TB",2025,2025,"All",-1.2454489383811187,1108,0.0009025270758122744,0,1,0,0,0,0,1,-13.129324515826184,3.0675910328535956,"9.988960111","13.607096475","3.618136364","9.563","19.154","9.591"
666181,"Benson, Will","CIN",2025,2025,"All",-0.6472916737782389,257,0.01556420233463035,2,2,0,0,0,2,2,-1.3178546377300777,-0.8527127694049403,"11.789672269","15.522684874","3.733012605","11.8515","20.89625","9.04475"
682928,"Abrams, CJ","WSH",2025,2025,"All",3.3066649677842754,960,0.029166666666666667,26,2,2,2,0,28,4,17.82517539616896,-0.5741558032211533,"11.772730375","14.862792947","3.090062571","13.146392857","24.11575","10.969357143"
669743,"Call, Alex","LAD",2025,2025,"All",-1.0526931945913944,549,0.0036429872495446266,1,1,1,0,0,1,2,-5.683482561805341,0.1866740394881652,"12.087102913","15.958656311","3.871553398","12.565","21.0675","8.5025"
701762,"Kurtz, Nick","ATH",2025,2025,"All",-0.5852591933533242,665,0.004511278195488722,2,1,0,0,0,2,1,-5.685599039146292,1.2263569210576386,"11.963359327","15.566475535","3.603116208","11.959666667","22.070666667","10.111"
621043,"Correa, Carlos","HOU",2025,2025,"All",-0.6876178794974573,986,0,0,0,0,0,0,0,0,-11.804490139948246,3.718400329982647,"9.81106943","13.312454922","3.501385492",,,
621035,"Taylor, Chris","LAA",2025,2025,"All",-0.6117104310579528,242,0.01652892561983471,2,2,0,0,0,2,2,-0.518098287810593,-1.1290906077685205,"12.496633621","16.262267241","3.765633621","12.52975","23.6585","11.12875"
669065,"Stowers, Kyle","MIA",2025,2025,"All",0.160830542652194,631,0.00792393026941363,4,1,0,1,0,5,1,-2.741180275664383,1.5757035506334915,"12.328359797","14.955378378","2.627018581","11.3218","26.5582","15.2364"
607043,"Nimmo, Brandon","NYM",2025,2025,"All",1.260961349678529,1013,0.01085883514313919,11,0,1,0,0,11,1,-0.05973166563738616,2.828683739568903,"10.869283473","13.457533473","2.58825","12.961636364","25.767545455","12.805909091"
681715,"Hernández, Heriberto","MIA",2025,2025,"All",-0.6148314279200453,329,0.00303951367781155,0,1,0,0,0,0,1,-3.9633500304176974,0.39519684036331637,"11.830485437","16.281647249","4.451161812","15.416","26.019","10.603"
695506,"Caglianone, Jac","KC",2025,2025,"All",0.08766000624330247,170,0.0058823529411764705,1,0,0,0,0,1,0,-1.4123339605790086,0.822503996353565,"12.24015625","15.3076625","3.06750625","12.092","27.438","15.346"
695681,"Moore, Christian","LAA",2025,2025,"All",0.35724885634262116,260,0.011538461538461539,3,0,0,0,0,3,0,-0.4365989481021225,0.98793032436232,"12.573798354","16.156012346","3.582213992","12.783","24.681666667","11.898666667"
545121,"Vargas, Ildemaro","AZ",2025,2025,"All",-0.09565744582143894,173,0,0,0,0,0,0,0,0,-1.760671436124776,0.569948536452258,"11.720788235","15.1021","3.381311765",,,
673962,"Jung, Josh","TEX",2025,2025,"All",-1.2950073041571906,751,0.002663115845539281,1,1,1,0,0,1,2,-8.012887383373032,0.6834892722609396,"13.126223315","17.980601124","4.854377809","13.2765","23.037","9.7605"
547180,"Harper, Bryce","PHI",2025,2025,"All",-0.36592715708854057,801,0.00749063670411985,4,2,0,0,1,5,2,-2.8673328257993496,0.4611986846029544,"11.10237664","16.152573491","5.05019685","13.108","25.693166667","12.585166667"
663853,"Gonzalez, Romy","BOS",2025,2025,"All",-1.07182517949431,582,0.015463917525773196,5,4,0,0,0,5,4,-0.5007018071392295,-2.159299595703243,"12.278034799","15.295166667","3.017131868","12.620111111","22.073","9.452888889"
808982,"Lee, Jung Hoo","SF",2025,2025,"All",-0.9155315425899557,1076,0.00929368029739777,7,3,1,1,0,8,4,-4.002313194942892,-0.25570867466972147,"12.097962264","15.607560079","3.509597815","12.1324","23.7018","11.5694"
671739,"Harris II, Michael","ATL",2025,2025,"All",0.8439956295483033,862,0.024361948955916472,17,4,0,0,0,17,4,7.138069067583134,-1.2969292977073779,"12.357498759","16.647596774","4.290098015","10.851","22.628142857","11.777142857"
543877,"Vázquez, Christian","MIN",2025,2025,"All",-0.35542701782189434,195,0.005128205128205128,1,0,1,0,0,1,1,-1.075842444337865,-0.31168561989849186,"10.891459893","15.285850267","4.394390374","10.733","22.891","12.158"
663757,"Grisham, Trent","NYY",2025,2025,"All",-1.3507393398822054,980,0.00510204081632653,3,2,0,0,0,3,2,-11.011217190397854,1.8922313293274846,"9.480065748","13.428484624","3.948418876","11.3992","25.1574","13.7582"
681351,"O'Hoppe, Logan","LAA",2025,2025,"All",-0.28982164500360436,390,0.007692307692307693,2,1,0,0,0,2,1,-2.3230097400089393,0.38840067332929756,"11.529145455","14.137088312","2.607942857","11.115666667","22.883666667","11.768"
664023,"Happ, Ian","CHC",2025,2025,"All",-1.0611387109754853,1161,0.0068906115417743325,5,3,0,1,0,6,3,-7.41027962260706,0.935371585657616,"10.558742315","15.066873418","4.508131103","12.204125","26.613375","14.40925"
606192,"Hernández, Teoscar","LAD",2025,2025,"All",-0.038617172244402136,712,0.008426966292134831,5,1,0,0,0,5,1,-3.3610951318539186,1.4080041202808458,"12.431472993","17.106943066","4.675470073","13.491666667","23.869333333","10.377666667"
677649,"Duran, Ezequiel","TEX",2025,2025,"All",-0.34800663267346704,362,0.022099447513812154,6,2,1,0,0,6,3,2.6189610510793537,-1.9373307619763116,"13.737053892","17.239239521","3.502185629","12.688375","23.8585","11.170125"
665489,"Guerrero Jr., Vladimir","TOR",2025,2025,"All",-1.1920675637619533,1190,0.0067226890756302525,5,3,0,0,0,5,3,-9.51006952596235,1.57765853651226,"11.987020924","15.50252136","3.515500436","12.898","24.331375","11.433375"
677942,"Alexander, Blaze","AZ",2025,2025,"All",-2.0794076143241735,302,0.029801324503311258,4,5,1,0,0,4,6,0.5149573565277503,-4.849775745843828,"11.811508772","15.297733333","3.486224561","12.109777778","22.436666667","10.326888889"
687231,"Hernaiz, Darell","ATH",2025,2025,"All",-1.3025728637172898,264,0.015151515151515152,1,3,0,0,0,1,3,-1.836845886307415,-2.0782304143462413,"13.026822581","16.671717742","3.644895161","13.203","23.00125","9.79825"
572191,"Taylor, Michael A.","CWS",2025,2025,"All",-0.13595856565328954,309,0.02912621359223301,7,2,1,0,0,7,3,3.7137944619445897,-1.952705462316017,"13.413697279","17.080527211","3.666829932","16.007666667","26.138555556","10.130888889"
666018,"Aranda, Jonathan","TB",2025,2025,"All",-1.0745108262998522,661,0.0015128593040847202,0,1,0,0,0,0,1,-8.695765733877515,1.4769829343903345,"9.806633846","13.233575385","3.426941538","9.915","15.797","5.882"
641584,"Fraley, Jake","ATL",2025,2025,"All",-0.5806294217518886,270,0.014814814814814815,2,2,0,0,0,2,2,-0.6595241737714852,-0.9971657488835379,"11.473945946","15.238297297","3.764351351","11.2155","20.6445","9.429"
664040,"Lowe, Brandon","TB",2025,2025,"All",-0.47272257663755435,651,0.0030721966205837174,1,1,0,1,0,2,1,-4.77026524489488,1.0696232718698255,"11.742401587","15.784665079","4.042263492","10.6275","20.24","9.6125"
666134,"Jones, Nolan","CLE",2025,2025,"All",-1.3695165320821456,452,0.015486725663716814,4,3,1,0,0,4,4,-2.3859388591863175,-1.98295280054419,"12.359856459","15.259059809","2.899203349","12.815142857","22.399714286","9.584571429"
575929,"Contreras, Willson","STL",2025,2025,"All",-0.008995801369434269,767,0.005215123859191656,3,1,0,1,0,4,1,-3.8580827415727517,1.6947127709891487,"11.530628378","15.710722973","4.180094595","11.275","22.1525","10.8775"
690987,"Hassell III, Robert","WSH",2025,2025,"All",0.6117352963507633,189,0.015873015873015872,3,0,0,1,0,4,0,1.2585427662121287,0.8000594291296429,"12.038356725","15.421578947","3.383222222","12.225666667","20.892666667","8.667"
672580,"Garcia, Maikel","KC",2025,2025,"All",-1.4942899300945378,959,0.027111574556830033,19,7,4,1,0,20,11,9.177019345244952,-7.399319553652309,"12.895851981","16.94268648","4.046834499","12.520153846","22.770115385","10.249961538"
672356,"Arias, Gabriel","CLE",2025,2025,"All",-0.591621685569657,558,0.010752688172043012,4,2,0,0,0,4,2,-2.264782287818795,-0.308144951124209,"11.753183908","15.251400383","3.498216475","12.455333333","27.6465","15.191166667"
665019,"Clemens, Kody","MIN",2025,2025,"All",0.3209754106847895,370,0.013513513513513514,4,1,0,1,0,5,1,0.4800486796961556,0.49992372165679305,"11.697879552","15.463596639","3.765717087","11.996","21.748","9.752"
673490,"Kim, Ha-Seong","ATL",2025,2025,"All",-0.3554642469809202,266,0.022556390977443608,4,2,0,0,0,4,2,0.8911470232799028,-1.1859858925264455,"10.72622541","13.136868852","2.410643443","12.367333333","24.401833333","12.0345"
808975,"Kim, Hyeseong","LAD",2025,2025,"All",1.944448283608516,285,0.042105263157894736,12,0,1,0,1,13,1,9.69746820239278,0.011010318066574825,"12.349792969","16.949496094","4.599703125","11.87875","24.282","12.40325"
695336,"Saggese, Thomas","STL",2025,2025,"All",-0.06951809337813747,372,0.002688172043010753,1,0,0,0,0,1,0,-2.701941342791047,1.046378167066824,"11.769331445","14.8548017","3.085470255","11.89","20.841","8.951"
696100,"Goodman, Hunter","COL",2025,2025,"All",-0.8978226436916814,630,0.004761904761904762,1,2,0,1,0,2,2,-5.248739956863543,0.3376118837356161,"11.967150883","16.115078652","4.147927769","10.866333333","21.813333333","10.947"
608070,"Ramírez, José","CLE",2025,2025,"All",2.4747660244062413,839,0.04648390941597139,32,7,1,1,0,33,8,24.573958700761995,-5.422279368324798,"12.61262234","17.846426862","5.233804521","13.553051282","25.166410256","11.613358974"
578428,"Iglesias, Jose","SD",2025,2025,"All",0.4994266493511478,503,0.011928429423459244,5,1,0,1,0,6,1,0.8678946980679592,0.7241060216390142,"11.489353306","15.128423554","3.639070248","13.234666667","26.286666667","13.052"
668930,"Turang, Brice","MIL",2025,2025,"All",0.3940822601511121,1226,0.022838499184339316,21,7,0,0,0,21,7,6.9558429901653005,-2.2157474175154213,"11.124953427","13.714033392","2.589079965","11.048","22.497392857","11.449392857"
665926,"Giménez, Andrés","TOR",2025,2025,"All",1.0043179410003218,500,0.022,9,2,0,2,0,11,2,5.204692258715737,-0.08137891276183326,"11.431635575","14.696915401","3.265279826","12.122636364","22.898272727","10.775636364"
677800,"Abreu, Wilyer","BOS",2025,2025,"All",-0.4194252080756277,477,0.010482180293501049,4,1,1,0,0,4,2,-2.112011396509944,0.006615713836351087,"11.537169604","15.185156388","3.647986784","10.9842","21.0328","10.0486"
686948,"Baldwin, Drake","ATL",2025,2025,"All",-0.4841815195075649,580,0,0,0,0,0,0,0,0,-7.206838041858787,2.1270801974759705,"10.886082168","13.870564685","2.984482517",,,
669224,"Wells, Austin","NYY",2025,2025,"All",-0.21077988126564737,540,0.007407407407407408,3,1,0,1,0,4,1,-2.505881021070727,0.6453251621077731,"11.247414729","14.770881783","3.523467054","12.275","27.82725","15.55225"
689414,"Hicks, Liam","MIA",2025,2025,"All",0.06554372024326621,581,0.0017211703958691911,1,0,0,1,0,2,0,-4.931485941994858,2.3374242414271853,"10.873854386","14.529168421","3.655314035","19.133","37.242","18.109"
663968,"Mangum, Jake","TB",2025,2025,"All",1.655142368170006,682,0.02932551319648094,18,2,2,0,0,18,4,11.50230858368689,-1.4340429968163497,"11.476444444","15.43131401","3.954869565","11.656157895","23.315684211","11.659526316"
683734,"Vaughn, Andrew","MIL",2025,2025,"All",-0.22894304305226026,458,0,0,0,0,0,0,0,0,-5.052618237362827,1.7368457876006786,"11.493446667","14.982013333","3.488566667",,,
516782,"Marte, Starling","NYM",2025,2025,"All",0.7147738781947631,536,0.014925373134328358,7,1,0,0,0,7,1,1.1557815889149994,1.0747056898039187,"11.77692668","14.285020367","2.508093686","12.3355","23.239","10.9035"
670231,"Rave, John","KC",2025,2025,"All",0.15778997729384686,195,0.041025641025641026,6,2,0,0,0,6,2,3.879923231241053,-1.3737659310096895,"13.033989305","17.243144385","4.20915508","12.765","23.157875","10.392875"
514888,"Altuve, Jose","HOU",2025,2025,"All",-0.9742256755435226,869,0.00805523590333717,5,2,1,0,0,5,3,-4.760491282471815,-0.04917204233146444,"10.538077206","13.438276961","2.900199755","11.480571429","23.692714286","12.212142857"
664056,"Bader, Harrison","PHI",2025,2025,"All",-2.1053471745525014,870,0.017241379310344827,8,7,1,1,0,9,8,0.9136899165324746,-5.084633684131098,"12.192563502","14.646776819","2.454213317","11.8066","21.893333333","10.086733333"
663586,"Riley, Austin","ATL",2025,2025,"All",-0.011107996567142647,544,0.003676470588235294,2,0,0,0,0,2,0,-4.0130980359025585,1.7589146902519321,"11.105337736","14.341311321","3.235973585","11.9485","24.3015","12.353"
663616,"Larnach, Trevor","MIN",2025,2025,"All",-1.0923448239973574,767,0.005215123859191656,2,2,0,0,0,2,2,-6.712858831905196,0.556059871963738,"11.464692617","14.236142282","2.771449664","12.9185","28.52","15.6015"
805367,"Meidroth, Chase","CWS",2025,2025,"All",-0.10254079403718391,1008,0.011904761904761904,10,2,1,0,0,10,3,-2.6495579747908824,0.9497128909355911,"11.188509657","15.396900215","4.208390558","11.572","21.822166667","10.250166667"
608369,"Seager, Corey","TEX",2025,2025,"All",-0.4286272701040779,714,0.0014005602240896359,1,0,0,0,0,1,0,-7.046836626592033,2.179422344920731,"11.988253923","14.792992867","2.804738944","12.086","28.408","16.322"
643396,"Kiner-Falefa, Isiah","TOR",2025,2025,"All",0.09315627431815163,694,0.01585014409221902,8,3,0,1,0,9,3,1.7777418496469393,-0.5830935458027453,"11.74296319","15.15795092","3.41498773","11.832363636","22.800636364","10.968272727"
681297,"Cowser, Colton","BAL",2025,2025,"All",1.5866694511448007,463,0.02591792656587473,12,0,1,0,0,12,1,6.851117968748466,0.4809907942113562,"11.950009501","16.99932304","5.049313539","11.020833333","23.0295","12.008666667"
669720,"Hays, Austin","CIN",2025,2025,"All",0.38380157766647316,491,0.006109979633401222,3,0,0,0,0,3,0,-1.9076703839016136,1.7007458987706583,"12.316252632","15.433286316","3.117033684","18.124","33.596","15.472"
682626,"Alvarez, Francisco","NYM",2025,2025,"All",-0.1728228352878935,412,0,0,0,0,1,0,1,0,-4.292074187849129,1.5235377828487393,"8.168280303","11.494116162","3.325835859",,,
692585,"Fernández, Yanquiel","COL",2025,2025,"All",-0.04829548028568052,176,0,0,0,0,0,0,0,0,-1.81102283338021,0.6975757475341352,"10.421105263","14.934900585","4.513795322",,,
668670,"Rogers, Jake","DET",2025,2025,"All",-0.10668023508031657,181,0,0,0,0,0,0,0,0,-1.787680758582978,0.5574575925250645,"11.037497175","14.81999435","3.782497175",,,
624413,"Alonso, Pete","NYM",2025,2025,"All",-0.25249041659583854,784,0,0,0,0,2,0,2,0,-7.3527438350614345,2.7067963342587733,"11.204707057","14.123926764","2.919219707",,,
624641,"Sosa, Edmundo","PHI",2025,2025,"All",-0.8903300960197487,373,0.002680965147453083,0,1,1,1,0,1,2,-2.6871322735319003,-0.7842303140297076,"12.457744928","15.581495652","3.123750725","11.188","19.017","7.829"
642715,"Adames, Willy","SF",2025,2025,"All",0.3744591364410105,993,0.013091641490433032,11,2,1,0,0,11,3,0.13451649448374364,0.7723463056539155,"12.100203625","16.238463753","4.138260128","12.348692308","23.352461538","11.003769231"
683011,"Volpe, Anthony","NYY",2025,2025,"All",0.9327161761452235,769,0.02600780234070221,16,4,0,1,0,17,4,8.141883508444579,-1.5459122789859925,"11.19279798","14.560669553","3.367871573","11.72815","26.477","14.74885"
682622,"Marte, Noelvi","CIN",2025,2025,"All",0.5047243298354538,332,0.03614457831325301,9,3,0,1,0,10,3,6.942640371539386,-1.9640083210498298,"11.423194357","15.625163009","4.201968652","11.185666667","21.750833333","10.565166667"
643565,"Tauchman, Mike","CWS",2025,2025,"All",-0.1332964256330738,759,0,0,0,0,0,0,0,0,-7.702468650097113,3.1271051208585545,"11.662655267","15.195109439","3.532454172",,,
660821,"Sánchez, Jesús","HOU",2025,2025,"All",1.1621704457601258,598,0.01839464882943144,10,1,0,0,0,10,1,2.915137127080998,1.2869844896531677,"11.630034358","14.415922242","2.785887884","11.781","27.321090909","15.540090909"
686780,"Pagés, Pedro","STL",2025,2025,"All",-0.27035257225886716,436,0,0,0,0,0,0,0,0,-4.575577781109266,1.4328066310288579,"11.087278302","14.883955189","3.796676887",,,
690993,"Keith, Colt","DET",2025,2025,"All",-0.7206291549682871,746,0.002680965147453083,1,1,0,0,0,1,1,-7.3059788464910085,1.64570358739979,"11.340226519","14.958098066","3.617871547","12.1615","23.412","11.2505"
681460,"Baldwin, Brooks","CWS",2025,2025,"All",0.24364884989486083,432,0.006944444444444444,3,0,0,0,0,3,0,-1.3930991886742325,1.1605970836215738,"11.820171216","16.248","4.427828784","11.255333333","23.035333333","11.78"
608348,"Kelly, Carson","CHC",2025,2025,"All",-0.4778262417317589,591,0,0,0,0,0,0,0,0,-7.459228691950239,2.2533766592406415,"10.568184028","13.768821181","3.200637153",,,
661388,"Contreras, William","MIL",2025,2025,"All",-1.1356206304242318,1107,0.006323396567299007,4,3,0,0,0,4,3,-7.564545502183389,0.8384188222498805,"9.784717181","13.956006757","4.171289575","11.242857143","24.952571429","13.709714286"
683766,"Koss, Christian","SF",2025,2025,"All",0.13995425906720158,307,0.016286644951140065,4,1,0,0,0,4,1,1.1802250187423453,-0.21353498818059335,"13.176661922","17.629391459","4.452729537","12.8034","22.3044","9.501"
663886,"Stephenson, Tyler","CIN",2025,2025,"All",-0.6437344570504171,469,0.0021321961620469083,0,1,0,0,0,0,1,-4.6701104010326615,0.6450836070135895,"9.88942511","14.309019824","4.419594714","9.173","19.703","10.53"
669257,"Smith, Will","LAD",2025,2025,"All",-0.47516413113809697,751,0.0039946737683089215,2,1,0,1,0,3,1,-5.817705613688024,1.5297266479989076,"12.018512855","14.426872801","2.408359946","10.791333333","22.745666667","11.954333333"
621020,"Swanson, Dansby","CHC",2025,2025,"All",2.527145983408727,840,0.02142857142857143,17,1,0,0,0,17,1,8.37983616048416,1.8915083362486544,"12.681701643","16.191935525","3.510233881","12.672722222","24.151444444","11.478722222"
672724,"Peraza, Oswald","LAA",2025,2025,"All",1.3193297616192448,265,0.026415094339622643,7,0,0,0,0,7,0,4.764129804780428,0.814452890362576,"11.779430328","15.73445082","3.955020492","11.355","20.791285714","9.436285714"
668885,"Martin, Austin","MIN",2025,2025,"All",0.4625827350238713,422,0.02843601895734597,9,3,1,2,1,12,4,7.740962616088765,-2.4124661959864064,"12.806446753","15.793012987","2.986566234","13.289833333","25.360166667","12.070333333"
656555,"Hoskins, Rhys","MIL",2025,2025,"All",-0.05269152163928609,325,0.003076923076923077,1,0,0,0,0,1,0,-3.147892322970801,1.281970984344165,"12.827019417","17.078760518","4.2517411","12.128","21.293","9.165"
571771,"Hernández, Enrique","LAD",2025,2025,"All",-0.18065580961523722,177,0,0,0,0,0,0,0,0,-2.237778956393698,0.593111070363339,"13.073778443","16.918173653","3.84439521",,,
592663,"Realmuto, J.T.","PHI",2025,2025,"All",-0.007971801029000854,653,0.013782542113323124,7,2,0,0,0,7,2,-0.8200039982372151,0.34673110804098306,"12.094460548","16.65326087","4.558800322","11.013444444","22.394888889","11.381444444"
642201,"White, Eli","ATL",2025,2025,"All",1.6041470356846779,417,0.02158273381294964,9,0,0,0,0,9,0,5.3625394509220055,1.1814203233339517,"12.912441624","17.366167513","4.453725888","12.153555556","22.807111111","10.653555556"
665862,"Chisholm Jr., Jazz","NYY",2025,2025,"All",2.0927729121244885,633,0.052132701421800945,27,6,1,1,0,28,7,19.943443684817503,-4.213146277420021,"11.332143106","16.260884817","4.92874171","11.881757576","23.998818182","12.117060606"
680718,"Barger, Addison","TOR",2025,2025,"All",-0.2944458165771552,588,0.006802721088435374,3,1,0,0,0,3,1,-3.213196629110645,0.77376335387772,"11.497493783","15.184966252","3.687472469","11.26125","19.4035","8.14225"
621439,"Buxton, Byron","MIN",2025,2025,"All",3.60505701308236,764,0.0274869109947644,21,0,0,0,0,21,0,12.880902579654185,2.2863922158922736,"12.744675414","15.664070442","2.919395028","12.138190476","22.150238095","10.012047619"
672744,"Canario, Alexander","PIT",2025,2025,"All",-0.22674525467132794,359,0.008356545961002786,2,1,0,0,0,2,1,-1.5746496657453357,0.19596595217275206,"11.758223881","16.730513433","4.972289552","11.482","24.761","13.279"
623993,"Santander, Anthony","TOR",2025,2025,"All",0.06852407346912628,170,0,0,0,0,1,0,1,0,-1.3115457912494568,0.7351849593755942,"10.609316456","16.292411392","5.683094937",,,
681393,"Norby, Connor","MIA",2025,2025,"All",0.8154376791162022,498,0.01606425702811245,7,1,0,0,1,8,1,3.008801426821159,0.4748386527821551,"12.573702407","15.001319475","2.427617068","11.248625","23.75575","12.507125"
677594,"Rodríguez, Julio","SEA",2025,2025,"All",2.2380975246417742,919,0.030467899891186073,25,3,2,1,0,26,5,15.726544040797338,-2.0160250744837405,"13.17659854","16.9446618","3.76806326","14.164821429","26.130642857","11.965821429"
678246,"Vargas, Miguel","CWS",2025,2025,"All",0.7119734302998839,737,0.0067842605156037995,5,0,0,1,0,6,0,-1.2571270848431286,2.140886327263354,"12.094415147","16.068253857","3.97383871","12.9286","26.5406","13.612"
596146,"Kepler, Max","PHI",2025,2025,"All",-0.12142831220438834,555,0.0018018018018018018,1,0,0,0,0,1,0,-4.938273771947054,1.9249476493000501,"11.869079482","15.467744917","3.598665434","9.633","22.263","12.63"
669261,"Suwinski, Jack","PIT",2025,2025,"All",0.6705479797242636,207,0.01932367149758454,4,0,0,0,0,4,0,1.7590131192532579,0.7083230130524738,"12.830380711","16.521553299","3.691172589","12.85825","24.32075","11.4625"
663743,"Fortes, Nick","TB",2025,2025,"All",0.06742523514088204,243,0.00411522633744856,1,0,0,0,0,1,0,-2.030207066944068,1.052148107843768,"11.024777311","14.628903361","3.60412605","13.641","32.586","18.945"
643289,"Dubón, Mauricio","HOU",2025,2025,"All",0.22302173594385316,583,0.003430531732418525,2,0,0,0,1,3,0,-2.698540404783338,1.6949551486678227,"12.321583181","15.264104205","2.942521024","12.601","23.0455","10.4445"
671218,"Ramos, Heliot","SF",2025,2025,"All",-0.536242828631725,1116,0.008064516129032258,6,3,0,1,0,7,3,-5.882586072681498,1.4228319686768156,"11.250678204","14.465642657","3.214964453","10.801333333","20.668666667","9.867333333"
665487,"Tatis Jr., Fernando","SD",2025,2025,"All",1.1749726829363263,1022,0.029354207436399216,24,6,1,0,0,24,7,13.769850375499557,-3.5088830936968565,"11.433749196","16.044012862","4.610263666","13.7855","26.6882","12.9027"
664702,"Straw, Myles","TOR",2025,2025,"All",2.183785440757111,571,0.01926444833625219,11,0,0,0,1,12,0,6.948551740839235,1.76461131686503,"11.342475096","14.456685824","3.114210728","11.753636364","22.188","10.434363636"
624428,"Frazier, Adam","KC",2025,2025,"All",-1.2576177743192374,668,0.019461077844311378,8,5,0,0,0,8,5,-0.3749433279019051,-2.6280646860863475,"12.750377451","18.245735294","5.495357843","13.286307692","28.306769231","15.020461538"
694671,"Langford, Wyatt","TEX",2025,2025,"All",-0.40806020340008636,966,0.023809523809523808,18,5,2,0,0,18,7,6.485625255887367,-3.789300565727942,"12.037311644","15.015805936","2.978494292","12.474086957","23.617","11.142913043"
702176,"Roden, Alan","MIN",2025,2025,"All",-0.44457935731796305,184,0.010869565217391304,1,1,0,0,0,1,1,-1.5686568184748335,-0.2907733191622199,"11.532290503","16.375391061","4.843100559","10.439","20.272","9.833"
669477,"Schmitt, Casey","SF",2025,2025,"All",-0.2504490499311741,360,0,0,0,0,0,0,0,0,-4.252143327611204,1.333288034646815,"11.927979769","14.508557803","2.580578035",,,
666152,"Hamilton, David","BOS",2025,2025,"All",0.45659489749160476,297,0.06734006734006734,15,5,1,1,1,17,6,13.866537530019201,-5.148250241138285,"13.458882353","18.655384314","5.196501961","12.419631579","22.887684211","10.468052632"
682177,"Schneemann, Daniel","CLE",2025,2025,"All",0.5044743642220524,537,0.0186219739292365,8,2,0,1,0,9,2,2.9792027733426174,-0.2030359787699331,"12.063140316","15.138784585","3.075644269","12.7771","27.0807","14.3036"
673357,"Robert Jr., Luis","CWS",2025,2025,"All",2.8018100829053276,517,0.059961315280464215,26,5,0,0,1,27,5,21.628673301728632,-3.386499060978669,"12.050770878","16.587670236","4.536899358","12.052806452","21.075741935","9.022935484"
621566,"Olson, Matt","ATL",2025,2025,"All",-0.3497358647550316,1010,0.0009900990099009901,1,0,0,0,0,1,0,-10.939619159186384,4.084862149071656,"10.640443888","14.220506012","3.580062124","14.96","35.033","20.073"
666160,"Moniak, Mickey","COL",2025,2025,"All",-0.19769341179926234,519,0.023121387283236993,9,3,1,0,0,9,4,3.638911539959543,-2.0566127106470455,"11.422757143","15.642291837","4.219534694","10.97025","20.995083333","10.024833333"
682829,"De La Cruz, Elly","CIN",2025,2025,"All",2.5174902050645267,753,0.0398406374501992,25,5,0,0,1,26,5,18.3044770692572,-2.540900463970912,"12.33087145","16.535095665","4.204224215","12.614766667","22.149666667","9.5349"
641857,"McMahon, Ryan","NYY",2025,2025,"All",-0.38058583383114075,838,0.00477326968973747,3,1,0,0,0,3,1,-6.506048877161616,2.045830981335961,"10.242576398","15.023443478","4.780867081","10.42275","29.7775","19.35475"
519317,"Stanton, Giancarlo","NYY",2025,2025,"All",-0.27213925323745025,235,0,0,0,0,0,0,0,0,-2.7615597400140737,0.622605988367477,"11.138568282","14.849814978","3.711246696",,,
694374,"Tawa, Tim","AZ",2025,2025,"All",1.1598353910396983,296,0.02364864864864865,7,0,0,0,0,7,0,3.9784466315385636,0.8092134771821892,"13.143153025","16.043907473","2.900754448","12.240285714","24.700285714","12.46"
592450,"Judge, Aaron","NYY",2025,2025,"All",-0.38153108260597923,1088,0.011029411764705883,9,3,0,0,0,9,3,-3.716934878764061,0.8041242069929622,"10.580895793","14.247917782","3.667021989","10.869833333","24.204583333","13.33475"
668800,"Knizner, Andrew","SF",2025,2025,"All",-0.08942024259144367,175,0,0,0,0,0,0,0,0,-1.9397700604863148,0.6634083766795984,"10.719870588","13.513294118","2.793423529",,,
656305,"Chapman, Matt","SF",2025,2025,"All",-1.0319358955560074,757,0.015852047556142668,8,4,1,0,0,8,5,-0.5186504214267439,-2.062679580601463,"11.748566298","15.879272099","4.130705801","12.745","27.289916667","14.544916667"
666149,"Fitzgerald, Tyler","SF",2025,2025,"All",-0.3507254557628414,296,0.02702702702702703,6,2,1,0,0,6,3,2.8789798305552243,-2.0589364930530816,"12.913787879","16.343223485","3.429435606","12.531625","22.76675","10.235125"
668227,"Arozarena, Randy","SEA",2025,2025,"All",3.410142535812943,1141,0.02716914986853637,28,3,0,0,2,30,3,16.382267263588343,0.29708685132282425,"13.269476091","16.901221414","3.631745322","12.900566667","25.091866667","12.1913"
571970,"Muncy, Max","LAD",2025,2025,"All",0.5183165099562872,433,0.009237875288683603,4,0,0,0,0,4,0,-1.4733563997856138,1.8066395331409106,"11.564414118","15.390865882","3.826451765","11.23125","27.257","16.02575"
642133,"Tellez, Rowdy","TEX",2025,2025,"All",-0.04087214600060188,282,0.0035460992907801418,1,0,0,0,0,1,0,-2.4481721474937594,0.9972495188847782,"11.36416129","14.110516129","2.746354839","10.517","29.735","19.218"
677950,"Thomas, Alek","AZ",2025,2025,"All",-0.557296225921355,635,0.009448818897637795,4,2,0,0,0,4,2,-2.843668560606315,0.025416635999788748,"12.558845884","16.021865149","3.463019264","13.634666667","24.101","10.466333333"
687597,"Beck, Jordan","COL",2025,2025,"All",1.008090179205101,731,0.03146374829001368,18,5,0,0,0,18,5,10.787774419985524,-2.5543660106489097,"11.92044919","16.640296024","4.719846834","12.750956522","23.419521739","10.668565217"
592885,"Yelich, Christian","MIL",2025,2025,"All",-0.5333075717871447,1017,0.012782694198623401,9,4,0,0,0,9,4,-1.771571543152752,-0.3977628070146535,"11.912694415","15.110349842","3.197655427","13.076615385","26.877384615","13.800769231"
691023,"Walker, Jordan","STL",2025,2025,"All",1.5479336025640713,647,0.015455950540958269,10,0,0,0,0,10,0,2.5722683855418627,2.2966220565682187,"12.270515447","15.952918699","3.682403252","11.667","26.9394","15.2724"
518692,"Freeman, Freddie","LAD",2025,2025,"All",-0.15834748626401213,810,0.006172839506172839,4,1,0,1,0,5,1,-4.724823714344387,1.748038348010812,"12.239876904","16.888120558","4.648243655","11.5194","24.8982","13.3788"
606466,"Marte, Ketel","AZ",2025,2025,"All",-0.5025495062202396,993,0.0030211480362537764,2,1,0,1,0,3,1,-8.700711418047002,2.7502061719759108,"9.659418919","12.835388773","3.175969854","10.712666667","24.328333333","13.615666667"
694497,"Carter, Evan","TEX",2025,2025,"All",0.2972680548654767,240,0.041666666666666664,9,1,2,0,0,9,3,6.527227939996534,-2.2403945180751776,"12.124608108","15.555184685","3.430576577","11.9581","20.3212","8.3631"
608701,"Refsnyder, Rob","BOS",2025,2025,"All",0.098653129054524,307,0.006514657980456026,2,0,0,0,0,2,0,-1.428524803061555,0.8541290881485215,"12.318711806","15.00509375","2.686381944","12.634","28.162","15.528"
542303,"Ozuna, Marcell","ATL",2025,2025,"All",-0.4427418789029792,713,0,0,0,0,0,0,0,0,-9.127240844787243,3.072680644565489,"8.859884451","12.899158345","4.039273894",,,
686469,"Pasquantino, Vinnie","KC",2025,2025,"All",-0.3816309335660566,799,0.0012515644555694619,1,0,0,2,0,3,0,-7.445620472585803,2.461095913224673,"11.572222078","13.190044156","1.617822078","13.045","33.391","20.346"
692225,"Campbell, Kristian","BOS",2025,2025,"All",-0.7737295393707876,387,0.00516795865633075,1,1,1,1,0,2,2,-2.526947392269875,-0.5963112464817939,"11.054370056","14.727740113","3.673370056","11.3665","22.7855","11.419"