"entity_name","entity_id","team_name","year","runner_runs","fielder_runs","runner_runs_advances","runner_runs_thrown_out","runner_runs_hold","fielder_runs_advances","fielder_runs_thrown_out","fielder_runs_hold","n_opp_xb","n_att_xb","rate_att_xb","est_rate_att_generic_runner","est_rate_att_generic_fielder","n_out","n_safe","rate_safe","rate_safe_per_attempt"
"Martin, Austin",668885,"MIN",2025,0.45690342145000074,-0.3546187594536019,1.1970536440148603,0,-0.7401502225648593,-1.1329855850110986,0,0.7783668255574967,55,15,0.27272727272727276,0.28456351705257876,0.2935711660350421,0,15,0.27272727272727276,1
"Bregman, Alex",608324,"BOS",2025,-0.9189743857371948,0.27874090139521973,1.5848806757795522,-0.9267807848746046,-1.5770742766421426,-1.762347701108241,0.8933913104306812,1.14769729207278,113,34,0.30088495575221236,0.3364888365550695,0.3118363063539345,1,33,0.29203539823008856,0.9705882352941176
"Soto, Juan",665742,"NYM",2025,-1.8988278330018191,0.8976996788186268,2.256884771727701,-0.8503368288511464,-3.305375775878374,-2.5991555103066486,0.826495000283792,2.670360188841483,144,45,0.31249999999999994,0.3835752515073358,0.3539597199171702,1,44,0.30555555555555547,0.9777777777777777
"Swanson, Dansby",621020,"CHC",2025,2.906266714004127,-1.6612541033040469,3.9755820316824613,0,-1.0693153176783357,-3.1748587022439927,0,1.5136045989399456,122,42,0.3442622950819672,0.2870913099967396,0.3320586043991619,0,42,0.3442622950819672,1
"McCutchen, Andrew",457705,"PIT",2025,-3.105695438625052,3.931588515118455,1.0815609171276783,-0.9288202170375855,-3.258436138715144,-0.8613626548961205,0.9577026682714083,3.8352485017431683,108,22,0.20370370370370383,0.32331043567563417,0.35498819142707,1,21,0.19444444444444445,0.9545454545454546
"Tauchman, Mike",643565,"CWS",2025,-1.6323355320350805,1.1373886506928892,1.0352376633859215,-0.8791846561783769,-1.7883885392426249,-1.2590620260557717,0.8528096479627566,1.543641028785904,100,30,0.3000000000000001,0.36384942627544165,0.34288085690064907,1,29,0.29,0.9666666666666667
"Harper, Bryce",547180,"PHI",2025,0.7174682805645769,-0.6433980132740114,3.257383592926077,-1.51818417333359,-1.0217311390279102,-3.2906204838107365,1.5302352399498391,1.1169872305868855,118,49,0.4152542372881356,0.3596268942575505,0.3632551935775808,2,47,0.39830508474576276,0.9591836734693877
"Arenado, Nolan",571448,"STL",2025,-1.6675144380679214,-0.19870346772383543,1.4825515548559216,-1.860544618895946,-1.2895213740278975,-2.444004047462353,1.7040207833268388,0.541279796411679,81,29,0.35802469135802456,0.37467425643473967,0.2838098919422466,2,27,0.33333333333333337,0.9310344827586207
"O'Hearn, Ryan",656811,"MLB",2025,0.23602380518922725,-0.6073933671569446,2.0197540773721707,0,-1.783730272182943,-2.1939805751246415,0,1.5865872079676975,109,31,0.2844036697247707,0.32099257838181955,0.3067698696947313,0,31,0.2844036697247707,1
"Holliday, Jackson",702616,"BAL",2025,-0.41853508852423726,2.3067011696089943,2.6131668285521115,-0.7592117627623368,-2.272490154314013,-1.9005160591038264,0.7724117175196334,3.4348055111931877,149,48,0.3221476510067114,0.3402887579021981,0.39602147810528643,1,47,0.3154362416107382,0.9791666666666666
"Duran, Jarren",680776,"BOS",2025,5.926644416116538,-2.2934879806369377,8.109089176142023,-1.5369708036665397,-0.6454739563589416,-5.795506800773558,1.6176660497156,1.884352770421024,158,80,0.5063291139240508,0.3406015333596668,0.44225577796078075,2,78,0.4936708860759493,0.975
"Hoerner, Nico",663538,"CHC",2025,2.430034720050794,-0.7729421545878934,4.810115240150467,-0.8426939121913374,-1.5373866079083343,-3.8747914254180276,0.884806411025612,2.217042859804523,160,60,0.37500000000000006,0.32744521009712807,0.37060292317148935,1,59,0.3687500000000001,0.9833333333333333
"Rooker, Brent",667670,"ATH",2025,0.07329428512006589,-0.844980085462025,2.8954160785431156,-0.771011161980668,-2.0511106314423815,-3.244145196041546,0.7680500496174764,1.6311150609620442,147,51,0.3469387755102041,0.3552040889291475,0.332370663625691,1,50,0.34013605442176886,0.9803921568627451
"Crow-Armstrong, Pete",691718,"CHC",2025,3.7146617726449267,-1.1651282728360788,5.508153934097595,-0.7550734967455589,-1.0384186647071099,-3.694282309828905,0.7618864489975333,1.7672675879952928,132,59,0.4469696969696969,0.34055044889779307,0.4217476428283412,1,58,0.43939393939393934,0.9830508474576272
"Ramírez, José",608070,"CLE",2025,2.32365037650947,-1.5699924857576666,4.855045609009623,-1.6530473898758777,-0.8783478426242757,-4.506021814944112,1.7002300214877293,1.2357993076987173,155,64,0.41290322580645167,0.3383297610534555,0.35967964816537246,2,62,0.3999999999999999,0.96875
"Turner, Trea",607208,"PHI",2025,4.784199433513533,-0.15466294236122952,5.926019366450773,0,-1.1418199329372407,-3.528131861595137,0,3.3734689192339053,156,59,0.3782051282051281,0.29295260897467523,0.4201273258579125,0,59,0.3782051282051281,1
"Winn, Masyn",691026,"STL",2025,2.6767873955399493,-1.339728705703798,3.6467943315911553,0,-0.9700069360512049,-2.976776541739109,0,1.6370478360353105,121,47,0.38842975206611585,0.336998085572259,0.3851971483388943,0,47,0.38842975206611585,1
"Kirk, Alejandro",672386,"TOR",2025,-5.12734787447047,1.6904291921048433,0.48038783829030646,-1.8930179178810949,-3.7147177948796837,-0.9925660272192409,1.6644501707826074,1.0185450485414769,102,15,0.1470588235294118,0.31754787524042366,0.17163871702260755,2,13,0.12745098039215683,0.8666666666666667
"Saggese, Thomas",695336,"STL",2025,0.4891529176323801,0.06243734295172626,1.6877493153574956,0,-1.198596397725116,-1.427417857138887,0,1.4898552000906131,66,23,0.34848484848484856,0.36264190458913015,0.3985274302023884,0,23,0.34848484848484856,1
"Conforto, Michael",624424,"LAD",2025,-0.9257072204942098,0.34357301022456826,1.0901693260329655,-0.7767148672532979,-1.2391616792738778,-1.3783934061403535,0.7674390419231765,0.9545273744417452,79,27,0.3417721518987342,0.377117202225475,0.3479699281885269,1,26,0.32911392405063306,0.9629629629629629
"Scott II, Victor",687363,"STL",2025,1.481383788828952,0.7730500553397623,3.0358857033226183,-0.7525795080391711,-0.8019224064544953,-2.006393997571619,0.9392900573429528,1.8401539955684285,79,30,0.37974683544303806,0.2938517027572987,0.41965154118968373,1,29,0.3670886075949368,0.9666666666666667
"Abreu, Wilyer",677800,"BOS",2025,-0.41038698994968037,0.32204888917375585,1.1239892898877903,0,-1.5343762798374714,-1.1361355819379413,0,1.4581844711116971,75,21,0.2799999999999999,0.33868208076948786,0.33393772053001575,0,21,0.2799999999999999,1
"Kurtz, Nick",701762,"ATH",2025,0.47111991968976497,-1.2141264376838576,2.443282792287803,0,-1.9721628725980378,-2.755661772376225,0,1.541535334692368,123,42,0.34146341463414626,0.3658096309466102,0.3406410672298112,0,42,0.34146341463414626,1
"Perez, Salvador",521692,"KC",2025,-4.028060241713925,0.40196904347252144,0.7650546213687233,-0.964359796037983,-3.828755067044664,-2.0415199756604663,0.9118406940900834,1.5316483250429043,118,35,0.2966101694915254,0.4299117157807401,0.30933355593129264,1,34,0.28813559322033905,0.9714285714285714
"Waters, Drew",671221,"KC",2025,-0.23940456556213546,0.7271080491998049,1.739586970586928,-1.5601040525459264,-0.41888748360313705,-1.4009575676638204,1.6058158874197885,0.5222497294438367,51,20,0.392156862745098,0.30164998397330645,0.3377005613335573,2,18,0.35294117647058826,0.9
"Harris II, Michael",671739,"ATL",2025,1.3297710715468571,0.0625399132236513,2.728781435466529,0,-1.3990103639196712,-2.1332680417787526,0,2.1958079550024037,120,39,0.325,0.3062863833263986,0.3579493797063568,0,39,0.325,1
"Steer, Spencer",668715,"CIN",2025,-0.5520749854812683,0.990670877945943,2.1401024421946477,-0.8077611545595194,-1.8844162731163958,-1.9884621366983442,0.8230919451598286,2.156041069484458,108,32,0.29629629629629634,0.31671388356093216,0.33291078596481427,1,31,0.2870370370370371,0.96875
"Alonso, Pete",624413,"NYM",2025,-3.7255262011229435,1.1542962141028041,2.2915710650879015,-3.376576931966826,-2.640520334244018,-3.4727340234488575,3.234904607431335,1.3921256301203258,129,50,0.3875968992248062,0.4213626345522644,0.34295245814937453,4,46,0.3565891472868218,0.92
"Pederson, Joc",592626,"TEX",2025,-0.7820886188329121,0.2184939336322614,0.9459987718132129,-0.9119940608970367,-0.8160933297490883,-1.2074801245392246,0.7904923058461961,0.6354817523252893,46,20,0.4347826086956522,0.45248864960016655,0.4081562427599146,1,19,0.41304347826086957,0.95
"Teel, Kyle",691019,"CWS",2025,-0.8861814531092004,0.8126744399679647,1.3486986692395095,-0.791760662696153,-1.4431194596525567,-1.3494278815245024,0.791758800107936,1.370343521384531,68,18,0.2647058823529412,0.3070835274457218,0.3011214369774971,1,17,0.25,0.9444444444444444
"Smith, Pavin",656976,"AZ",2025,-1.0905307150567265,0.3231047188022046,1.531852926549974,-1.7198542213404973,-0.9025294202662041,-1.787899156751536,1.594754129583369,0.5162497459703715,65,23,0.3538461538461539,0.338467351540968,0.2861013528519105,2,21,0.32307692307692315,0.9130434782608695
"Hoskins, Rhys",656555,"MIL",2025,-0.5233933878185743,-0.41225939619404706,0.5617816832581946,0,-1.0851750710767685,-1.075888865944448,0,0.6636294697504008,57,16,0.28070175438596495,0.3638577358128661,0.29915827132050693,0,16,0.28070175438596495,1
"Lile, Daylen",695734,"WSH",2025,3.0529820421011156,-1.0694792133978295,4.663662106067747,-0.7700565347131508,-0.8406235292534798,-3.5565157853380995,0.7884767496008457,1.6985598223394247,95,45,0.47368421052631576,0.35068088222244764,0.44328176353641874,1,44,0.46315789473684216,0.9777777777777777
"Isbel, Kyle",664728,"KC",2025,1.195329853220277,-0.869179665135913,3.18566859426154,-0.7601808025210263,-1.2301579385202368,-3.00131355063141,0.7630699868820473,1.3690638986134485,93,40,0.43010752688172044,0.3777604364594834,0.3939900692395084,1,39,0.4193548387096774,0.975
"Canzone, Dominic",686527,"SEA",2025,-0.9770176772593491,0.5969983261508467,0.25380110043594123,0,-1.2308187776952904,-0.35938162887744707,0,0.9563799550282936,60,11,0.1833333333333334,0.2724715202785213,0.24521734025453212,0,11,0.1833333333333334,1
"Castro, Willi",650489,"MLB",2025,0.9677106790300982,-0.18054181185260074,2.5262835498827863,-0.9981545857604915,-0.560418285092197,-2.0733046487827766,0.9981814531966096,0.8945813837335669,91,37,0.40659340659340665,0.3630731317837609,0.3988890506489994,1,36,0.39560439560439564,0.972972972972973
"Lowe, Nathaniel",663993,"MLB",2025,-3.4679436942085893,2.66935361435085,1.1750358048103104,-1.7569137978715563,-2.8860657011473436,-1.3582709369980301,1.7040425196841478,2.323582031664732,105,28,0.2666666666666667,0.3724788474627902,0.340608656180756,2,26,0.24761904761904766,0.9285714285714286
"Neto, Zach",687263,"LAA",2025,2.2504495964781985,-1.9867589533966128,3.8369739350998087,0,-1.5865243386216112,-3.687719765951151,0,1.7009608125545377,123,49,0.3983739837398374,0.3642821625718865,0.37120418740960426,0,49,0.3983739837398374,1
"Marte, Starling",516782,"NYM",2025,-1.5874976012570838,2.4145517446008298,1.0943897109785028,-1.7871708453309607,-0.8947164669046264,-0.862810004303154,1.8303528155385078,1.4470089333654765,71,23,0.3239436619718311,0.35064124085753573,0.4022354642176421,2,21,0.2957746478873241,0.9130434782608695
"Rocchio, Brayan",677587,"CLE",2025,-0.046136136306221875,-0.4980753578774486,1.7557501556429773,-0.9032134343731164,-0.8986728575760827,-2.0734835587278444,0.903111078459869,0.6722971223905269,79,25,0.3164556962025317,0.31361081258550394,0.2831255585092699,1,24,0.30379746835443044,0.96
"Mangum, Jake",663968,"TB",2025,1.5179095425127387,-0.12452682516576828,1.9443874192932051,0,-0.426477876780467,-1.257205710761345,0,1.1326788855955763,79,26,0.32911392405063294,0.2867546517686685,0.36475307380835587,0,26,0.32911392405063294,1
"Sanoja, Javier",691594,"MIA",2025,1.0499692718801268,-0.6813773714485251,2.1294612155480257,-0.794225202903286,-0.2852667407646122,-1.891385737370725,0.7969743478954247,0.41303401802677586,76,33,0.4342105263157895,0.36302426219808775,0.38550951237988895,1,32,0.42105263157894746,0.9696969696969697
"Realmuto, J.T.",592663,"PHI",2025,0.750695531613259,0.39473584965686975,3.045676615943497,-0.8077683453329576,-1.4872127389972802,-2.49663329785961,0.8243700971557446,2.066999050360734,121,42,0.34710743801652894,0.3210021664926716,0.3600842955123825,1,41,0.33884297520661144,0.9761904761904762
"Lowe, Josh",666139,"TB",2025,1.420663812091096,-0.5210934657876825,2.5179658213238603,0,-1.0973020092327643,-2.0182983584448775,0,1.4972048926571957,90,38,0.4222222222222222,0.3952693303561704,0.4358154833069452,0,38,0.4222222222222222,1
"Trout, Mike",545361,"LAA",2025,0.061903303539455584,1.3094089306145453,2.45953771811895,-0.7682065786177451,-1.6294278359617487,-1.9006044921678704,0.920353101954553,2.2896603208278625,85,29,0.34117647058823525,0.3407451403434666,0.4068857247126067,1,28,0.32941176470588235,0.9655172413793104
"Wagaman, Eric",676572,"MIA",2025,-1.2886454098258737,0.2597458985278653,1.8269165736025812,-1.8069633652615948,-1.3085986181668607,-2.448292643262151,1.7454902470412146,0.9625482947488009,89,29,0.32584269662921345,0.33280269908044313,0.2837285838082351,2,27,0.3033707865168539,0.9310344827586207
"Ward, Taylor",621493,"LAA",2025,-0.5727187459946708,0.6604667661335578,2.421824800489625,-1.6379499062009937,-1.3565936402833014,-2.3577404076486492,1.6663232537706607,1.3518839200115464,111,39,0.35135135135135137,0.34982940370347815,0.35231817558178286,2,37,0.3333333333333332,0.9487179487179487
"Adell, Jo",666176,"LAA",2025,0.6268561144120024,-0.13064064498792347,1.499774225095773,0,-0.8729181106837706,-1.320402670142269,0,1.189762025154346,67,19,0.2835820895522388,0.27942360071823386,0.31254079611860275,0,19,0.2835820895522388,1
"Haggerty, Sam",664059,"TEX",2025,0.9399318577556592,-0.03609460322078159,2.07851744313209,-0.8609212771127166,-0.27766430826371435,-1.4796771143153424,0.9025252968881459,0.5410572142064148,51,25,0.4901960784313726,0.39182492613881764,0.45262350826529574,1,24,0.47058823529411764,0.96
"Tovar, Ezequiel",678662,"COL",2025,0.469309029421346,-0.22996721915541207,1.9396029740637557,-0.768968775972088,-0.7013251686703219,-1.7675274080062673,0.771937592772706,0.7656225960781494,88,36,0.4090909090909091,0.3769973013651973,0.38708168436277385,1,35,0.3977272727272727,0.9722222222222222
"Dubón, Mauricio",643289,"HOU",2025,0.1862241354542922,0.08870818030393704,1.7277088104728722,-0.9131195080777494,-0.6283651669408301,-1.5518283363055674,0.9342283021180617,0.7063082144914425,78,28,0.35897435897435903,0.3321719732117856,0.34616196223224266,1,27,0.3461538461538461,0.9642857142857143
"Heineman, Tyler",623168,"TOR",2025,0.871461538048297,-1.4758461824296074,1.5816798667187493,0,-0.7102183286704524,-2.026029966575942,0,0.5501837841463343,52,19,0.36538461538461536,0.3415675573988653,0.2967064137289861,0,19,0.36538461538461536,1
"Guerrero Jr., Vladimir",665489,"TOR",2025,-1.2826094428929675,-0.2711049858109304,2.76057727618636,-1.7566861766039255,-2.286500542475402,-3.4624802412836213,1.681928157067761,1.509447098404928,156,49,0.3141025641025641,0.3326970103936324,0.2875565362968311,2,47,0.3012820512820512,0.9591836734693877
"Riley, Austin",663586,"ATL",2025,-0.857602963517035,0.9575735267659196,1.5588564427492821,-0.770450289203965,-1.6460091170623514,-1.5441720611377125,0.7752389536552438,1.7265066342483888,92,29,0.31521739130434784,0.3513080131479103,0.3550052402141138,1,28,0.3043478260869566,0.9655172413793104
"Allen, Nick",669397,"ATL",2025,1.4668751774832356,-1.5537616790778706,2.470511671846859,0,-1.0036364943636227,-2.474377731447242,0,0.9206160523693728,85,28,0.3294117647058824,0.30471222647624324,0.2988977726191317,0,28,0.3294117647058824,1
"Smith, Josh",669701,"TEX",2025,1.708860898750893,-1.4227501554444448,3.3183764652300325,0,-1.6095155664791387,-3.1345832562273532,0,1.7118331007829086,140,51,0.3642857142857142,0.34936971482648144,0.35783205134003504,0,51,0.3642857142857142,1
"Rice, Ben",700250,"NYY",2025,-1.0094642698397527,0.5919519122162665,1.8733218527679778,-0.8946970081200494,-1.9880891144876804,-2.127202263825779,0.8589794530157275,1.8601747230263181,109,38,0.34862385321100936,0.3858098164810642,0.36950006960614706,1,37,0.3394495412844037,0.9736842105263158
"Wong, Connor",657136,"BOS",2025,-0.7205126770524384,1.1213206218533835,0.7620135127151377,-0.7483394224025554,-0.7341867673650213,-0.623750771878723,0.7478996037425931,0.9971717899895136,47,10,0.21276595744680857,0.2219958741542721,0.25930463128084025,1,9,0.19148936170212766,0.9
"Taylor, Tyrone",621438,"NYM",2025,1.436999647216002,-0.6768153830139461,2.4984758653876438,-0.7714331150334716,-0.29004310313816883,-1.9794304409311303,0.7731193955455449,0.5294956623716393,69,33,0.47826086956521724,0.38279039419999494,0.42911244461811904,1,32,0.4637681159420288,0.9696969696969697
"Farmer, Kyle",571657,"COL",2025,-0.670342128963176,-0.07112258675089794,0.7881646526066116,0,-1.4585067815697872,-0.9667270473358177,0,0.8956044605849197,56,15,0.2678571428571429,0.36312180562148755,0.30195169153411944,0,15,0.2678571428571429,1
"Barger, Addison",680718,"TOR",2025,0.018781139081097267,0.14009971015671738,1.3418553056175029,0,-1.3230741665364056,-1.257084050376268,0,1.397183760532985,90,29,0.3222222222222222,0.35117101520515165,0.3590989283539921,0,29,0.3222222222222222,1
"McLain, Matt",680574,"CIN",2025,1.5527912843578613,0.5753167109064259,3.5563011073132755,-0.7704606495577268,-1.2330491733976876,-2.4843687550600224,0.9346972842609177,2.1249881817055303,114,44,0.38596491228070173,0.3460395487328336,0.42051003332949344,1,43,0.3771929824561405,0.9772727272727273
"Lewis, Royce",668904,"MIN",2025,0.05010556355886155,-0.11761959138051147,1.101927262640569,0,-1.0518216990817073,-1.10558016050036,0,0.9879605691198483,57,17,0.2982456140350876,0.3408452951956284,0.33289092225046124,0,17,0.2982456140350876,1
"Moniak, Mickey",666160,"COL",2025,1.2014496386114912,-0.24779642313658373,2.9587189616800025,-0.7819734411829137,-0.9752958818855985,-2.396804924750147,0.7992246365081801,1.3497838651053828,100,41,0.4099999999999999,0.3635553861310525,0.4037714842377789,1,40,0.4,0.975609756097561
"Trevino, Jose",624431,"CIN",2025,-2.637953797950816,0.18997042119432286,0.48712093133972767,-1.763865590411025,-1.3612091388795182,-1.5650732649541808,1.5393263336200154,0.21571735252848842,82,27,0.32926829268292684,0.39268173416884816,0.26873062697412625,2,25,0.30487804878048785,0.9259259259259259
"Urías, Ramón",602104,"MLB",2025,-1.7016752643215307,0.9676073597873492,0.47132232243738864,-0.9236100771518831,-1.2493875096070368,-0.644322509254446,0.8412460784547704,0.7706837905870253,60,14,0.23333333333333336,0.3153202450770747,0.26780011511495483,1,13,0.2166666666666667,0.9285714285714286
"Suárez, Eugenio",553993,"MLB",2025,-3.0616117957060713,1.986466372258898,1.651857904689091,-3.4890314681006487,-1.224438232294515,-2.288485114631473,3.402735018902235,0.8722164679881362,106,42,0.39622641509433953,0.39383833678501995,0.3527736740402382,4,38,0.3584905660377357,0.9047619047619048
"Vientos, Mark",668901,"NYM",2025,0.04185932580257654,-1.40430453388858,1.0954170490049764,0,-1.0535577232024,-1.9304179304411402,0,0.5261133965525607,88,26,0.29545454545454547,0.3293422869980168,0.2696325463919108,0,26,0.29545454545454547,1
"Profar, Jurickson",595777,"ATL",2025,-0.31893455732228293,-0.6556092768173477,1.9223032112599268,-0.7620440309878509,-1.4791937375943587,-2.398391225745841,0.7575825965936905,0.985199352334803,86,34,0.39534883720930236,0.4071578547286211,0.3598866041099418,1,33,0.38372093023255827,0.9705882352941176
"Urías, Luis",649966,"ATH",2025,-0.05998189213154059,-0.8317832365136092,1.1127013495752034,0,-1.1726832417067443,-1.5322039653924637,0,0.7004207288788553,64,17,0.2656249999999998,0.3263667981221927,0.26706712785991826,0,17,0.2656249999999998,1
"Marsee, Jakob",805300,"MIA",2025,2.283789228289881,-2.1030553888364447,2.7442762190104806,0,-0.46048699072059995,-2.6258668688963103,0,0.5228114800598661,68,32,0.4705882352941177,0.37079395274625754,0.3805703479809087,0,32,0.4705882352941177,1
"Grisham, Trent",663757,"NYY",2025,-1.7286097327395291,2.6208964736847524,1.091405580114977,-0.7966871656245409,-2.023328147229965,-0.9288838687154253,0.8351857519936448,2.714594590406532,106,27,0.25471698113207547,0.3313482405133621,0.36650335473519674,1,26,0.2452830188679246,0.9629629629629629
"Albies, Ozzie",645277,"ATL",2025,1.6795617281215678,-0.4498750762735107,3.252169471296386,0,-1.5726077431748184,-2.80499971968164,0,2.3551246434081308,116,42,0.36206896551724144,0.34988063248558604,0.3976854186758904,0,42,0.36206896551724144,1
"Taylor, Michael A.",572191,"CWS",2025,-0.3506947860810045,0.9974757364988662,1.563202165954513,-1.5958928049745258,-0.31800414706099156,-1.115212218102597,1.6453856459098601,0.46730230869160283,55,31,0.5636363636363636,0.4797862654379736,0.5235321170051873,2,29,0.527272727272727,0.9354838709677419
"Morel, Christopher",666624,"TB",2025,0.7603430439674003,-0.5441471681774588,1.2383120900463125,0,-0.4779690460789121,-1.132345903258749,0,0.5881987350812901,50,17,0.34,0.31740707732047424,0.3365216423174795,0,17,0.34,1
"Cowser, Colton",681297,"BAL",2025,-0.3528276611778142,0.7246361096447014,0.636048220526736,0,-0.9888758817045503,-0.53275748911832,0,1.257393598763022,59,16,0.27118644067796616,0.340835389532735,0.36900258807697656,0,16,0.27118644067796616,1
"Pages, Andy",681624,"LAD",2025,1.2553334036895902,-0.8358640068144326,3.2083423135162286,-0.7715487843141843,-1.1814601255124546,-2.8746940457830803,0.7801978860655193,1.2586321529031272,129,46,0.3565891472868218,0.3145136274527152,0.3269160961117712,1,45,0.3488372093023256,0.9782608695652174
"Machado, Manny",592518,"SD",2025,-1.2208532359774915,-0.9199004333542821,2.558380102531017,0,-3.7792333385085106,-3.335108314620513,0,2.415207881266234,162,44,0.2716049382716049,0.34462791085719835,0.2859904914111896,0,44,0.2716049382716049,1
"Smith, Cam",701358,"HOU",2025,1.3636729787063786,0.1873121846451776,2.7978727879132985,0,-1.4341998092069197,-2.0941599885046958,0,2.2814721731498735,96,36,0.37499999999999983,0.3660172547038436,0.4344482548733174,0,36,0.37499999999999983,1
"Merrill, Jackson",701538,"SD",2025,3.2153197087037606,-2.161458928791113,4.145539865957898,0,-0.9302201572541366,-3.4454537668464615,0,1.283994838055348,104,49,0.47115384615384615,0.38834518937220736,0.43112633557613006,0,49,0.47115384615384615,1
"Dingler, Dillon",693307,"DET",2025,0.5886605107650973,-0.9607915054773263,2.0011295719965574,0,-1.4124690612314597,-2.1905398921781543,0,1.229748386700828,114,38,0.33333333333333326,0.3452043614269101,0.33192218364727627,0,38,0.33333333333333326,1
"Lowe, Brandon",664040,"TB",2025,-0.760931489959542,0.8031584888687964,1.3888209115751962,-0.8096513446536305,-1.340101056881108,-1.3483044672954736,0.819920999817349,1.3315419563469213,97,24,0.24742268041237114,0.2820691897026314,0.2836365195845539,1,23,0.23711340206185577,0.9583333333333334
"Narváez, Carlos",665966,"BOS",2025,-1.250662092583187,-0.8578594090010946,1.3154459826624674,-0.9438961548133227,-1.6222119204323322,-2.4190972830559008,0.8562366553055214,0.7050012187492856,81,27,0.33333333333333337,0.3820780204794518,0.28164803138676364,1,26,0.3209876543209877,0.9629629629629629
"Correa, Carlos",621043,"MLB",2025,-1.9868882279756923,1.5189484096127672,1.574850740701173,-0.9390031468002271,-2.6227358218766392,-1.752558522012982,0.9044625085882376,2.3670444230375116,132,33,0.25000000000000017,0.3142977520781307,0.2995667382640883,1,32,0.24242424242424238,0.9696969696969697
"Naylor, Bo",666310,"CLE",2025,0.5812102362426451,-1.1161186613371534,2.195211595081498,-0.8163375835750188,-0.7976637752638343,-2.5871012233277506,0.8015319596805411,0.669450602310056,74,36,0.48648648648648624,0.4524666532344653,0.4260285611466191,1,35,0.4729729729729728,0.9722222222222222
"Castellanos, Nick",592206,"PHI",2025,-1.7700057297309315,1.6111804077605676,2.6454479596936613,-2.3805067550985877,-2.0349469343260065,-2.719337283123693,2.3632488461976733,1.9672688446865865,125,45,0.36,0.37111895102547465,0.3653699562819439,3,42,0.33600000000000013,0.9333333333333333
"Moreno, Gabriel",672515,"AZ",2025,0.5428050764186653,-0.8476190558368065,1.8239534403811009,0,-1.2811483639624357,-1.957528927840754,0,1.109909872003947,72,22,0.3055555555555557,0.31320196224026225,0.29403872351175314,0,22,0.3055555555555557,1
"Yastrzemski, Mike",573262,"MLB",2025,2.087354100006529,-2.4265777703441525,3.0982363226227103,0,-1.0108822226161818,-3.2866675335356113,0,0.8600897631914571,118,43,0.36440677966101687,0.33756335009887867,0.32475297562090233,0,43,0.36440677966101687,1
"Wells, Austin",669224,"NYY",2025,-0.6236212150683333,-0.34029044003047526,1.25138889440077,0,-1.8750101094691036,-1.6150269182416808,0,1.2747364782112058,73,22,0.30136986301369867,0.3807585922652515,0.3302280583146868,0,22,0.30136986301369867,1
"Ramírez, Agustín",682663,"MIA",2025,-2.1148093571956377,0.6503419537231782,2.290194348117179,-2.5191968535776526,-1.8858068517351638,-3.126696136169755,2.4257613587681752,1.3512767311247573,110,49,0.4454545454545453,0.451989726587139,0.40310908015917346,3,46,0.41818181818181827,0.9387755102040817
"Lee, Brooks",686797,"MIN",2025,-2.3537727864818896,0.1322801177582864,1.4756001683899018,-1.749758513173398,-2.0796144416983933,-2.4468264833513285,1.663478117183841,0.9156284839257748,98,28,0.2857142857142857,0.36115430020112066,0.26752248144875945,2,26,0.2653061224489796,0.9285714285714286
"Pagés, Pedro",686780,"STL",2025,-2.178066830038107,1.0065849904188084,0.14958100980907665,-0.8690121341364868,-1.458635705710697,-0.5545975007945269,0.8156334607609611,0.7455490304523739,54,12,0.2222222222222222,0.34209650563523103,0.26117279555099754,1,11,0.20370370370370375,0.9166666666666666
"Ozuna, Marcell",542303,"ATL",2025,-1.6403424872962136,1.136396028956675,0.7931152302806113,0,-2.4334577175768244,-0.9296387423054986,0,2.0660347712621734,108,29,0.26851851851851855,0.3640472902560153,0.3433250384939785,0,29,0.26851851851851855,1
"Toglia, Michael",669911,"COL",2025,-0.6933369428510571,0.4857284082748337,1.2129436037866277,-0.8159505920722646,-1.0903299545654197,-1.288847435973637,0.7886620081204525,0.9859138361280185,52,16,0.3076923076923077,0.32531803787555846,0.30515139605798236,1,15,0.2884615384615385,0.9375
"Sweeney, Trey",700242,"DET",2025,-0.39029887358157855,0.8625100875852305,1.4653696673602934,-0.7922281187437312,-1.0634404221981402,-1.252822806304431,0.798430772823009,1.3169021210666525,63,26,0.4126984126984126,0.41659989451460216,0.44483641796919904,1,25,0.39682539682539675,0.9615384615384616
"Mountcastle, Ryan",663624,"BAL",2025,-1.1103869522915921,1.218982709205444,1.2669212475483815,-0.9240823870926216,-1.4532258127473519,-1.1364546291777833,0.9062125542241468,1.4492247841590806,81,26,0.3209876543209877,0.3647289016768486,0.3687026397843205,1,25,0.3086419753086418,0.9615384615384616
"Gurriel Jr., Lourdes",666971,"AZ",2025,-0.282204986106283,-0.30424004252639414,2.137061817120683,-0.8000433793054509,-1.6192234239215149,-2.510033352724567,0.8102593215372953,1.395533988660877,101,27,0.2673267326732673,0.2709078758501806,0.24634478971523302,1,26,0.25742574257425743,0.9629629629629629
"Freeman, Freddie",518692,"LAD",2025,-1.011150425524899,-0.3834851145929376,2.5624118434590843,-2.4082921473927366,-1.1652701215912467,-3.486299641096049,2.3488161034345114,0.7539984230685989,123,45,0.36585365853658536,0.3327638743338308,0.2863302651656999,3,42,0.34146341463414637,0.9333333333333333
"Marsh, Brandon",669016,"PHI",2025,2.3240617042760383,-1.3871579639328013,4.1787181804694224,-0.941604565205445,-0.9130519109879386,-3.501975400317013,0.9415412941615928,1.173276142222619,103,45,0.4368932038834951,0.35382152481268325,0.3901889043565632,1,44,0.42718446601941734,0.9777777777777777
"Norby, Connor",681393,"MIA",2025,-0.32535535461229165,1.0993713961007927,1.3523162629855028,-0.7710073076171794,-0.9066643099806152,-0.9987913642773293,0.7922328493014561,1.3059299110766651,76,27,0.3552631578947367,0.3591908835180884,0.4013404654621059,1,26,0.3421052631578948,0.9629629629629629
"Schanuel, Nolan",694384,"LAA",2025,-0.7530788907890532,-1.1610356880786519,2.5185766324280956,-1.6671605608908282,-1.6044949623263207,-3.6894558113234797,1.5799363766872427,0.948483746557585,143,44,0.3076923076923077,0.3117718529483492,0.2554658526894099,2,42,0.29370629370629364,0.9545454545454546
"Durbin, Caleb",702332,"MIL",2025,2.0423543462342506,-1.4525481681338552,3.057608030075031,0,-1.015253683840781,-2.719865579911776,0,1.267317411777921,105,43,0.4095238095238095,0.3664023888366093,0.3870692136484505,0,43,0.4095238095238095,1
"Cronenworth, Jake",630105,"SD",2025,1.0171352271898344,-0.4617965740956616,3.1590895126128617,-0.8578149973504267,-1.2841392880726015,-2.978999981612816,0.8943047788314525,1.6228986286857034,104,45,0.43269230769230765,0.4046978686898167,0.4278264424480681,1,44,0.4230769230769232,0.9777777777777777
"Bleday, JJ",668709,"ATH",2025,0.14596381837354083,-0.3350253276350512,2.016090500716188,-0.8620864429022721,-1.0080402394403747,-2.1154141977104413,0.8610904495603389,0.9192984205150517,71,31,0.43661971830985913,0.408067404052938,0.3948279807882073,1,30,0.4225352112676057,0.967741935483871
"Sánchez, Jesús",660821,"MLB",2025,-0.41859750232438314,0.23904212132983504,2.4789663066953356,-1.7492308329440365,-1.1483329760756822,-2.558648935541993,1.7699584788516163,1.0277325780202118,107,40,0.3738317757009345,0.3563947308703842,0.34758538677312134,2,38,0.3551401869158877,0.95
"Adams, Riley",656180,"WSH",2025,-0.09132190282089417,-0.4290756114756581,0.7349675413039681,0,-0.8262894441248622,-0.9668705204779486,0,0.5377949090022908,47,11,0.23404255319148937,0.27481701926263796,0.2314128645236476,0,11,0.23404255319148937,1
"Clement, Ernie",676391,"TOR",2025,2.8109457791843018,-1.2865812768430778,5.4435801993343915,-1.7066618588893951,-0.9259725612606949,-4.515833615832287,1.8219446893052833,1.4073076496839254,148,63,0.42567567567567555,0.33680070995956407,0.37313791077009406,2,61,0.41216216216216217,0.9682539682539683
"Olson, Matt",621566,"ATL",2025,-3.7143363963413067,0.6218642637502171,1.5850649613704895,-2.563422147059144,-2.735979210652655,-2.9821601238243383,2.3542758442029723,1.2497485433715836,141,47,0.3333333333333334,0.39936321753592113,0.31110088610800485,3,44,0.3120567375886524,0.9361702127659575
"Myers, Dane",667472,"MIA",2025,-0.05745557651775744,0.5811550132798121,1.473510988076839,-0.8168695021553816,-0.7140970624392147,-1.1738045920993037,0.835340668070167,0.9196189373089487,63,17,0.2698412698412698,0.2572946017058178,0.28812084043850145,1,16,0.253968253968254,0.9411764705882353
"Lee, Jung Hoo",808982,"SF",2025,3.7371105335601933,-2.037714830484771,6.646485902112139,-1.6891665196600376,-1.2202088488919065,-5.521734324833343,1.6820992790130287,1.8019202153355418,167,72,0.43113772455089827,0.3334084871465762,0.3757078915679404,2,70,0.4191616766467065,0.9722222222222222
"Hernández, Teoscar",606192,"LAD",2025,-0.2804946415744138,1.3348170422546468,2.408458270320419,-0.8936365782311377,-1.795316333663694,-2.021965225729495,0.963713181837518,2.3930690861466224,114,46,0.40350877192982465,0.416129603762331,0.4550627728987417,1,45,0.3947368421052632,0.9782608695652174
"Chapman, Matt",656305,"SF",2025,1.6022658006190253,-1.1814842109153434,3.382621989903823,-0.8549776646752929,-0.9253785246095048,-3.070246870144131,0.8458152391877742,1.0429474200410125,92,41,0.4456521739130434,0.3655829961954706,0.38228593176270775,1,40,0.43478260869565205,0.975609756097561
"Semien, Marcus",543760,"TEX",2025,1.9816944717354315,-1.2430250807074714,2.74893816284746,0,-0.7672436911120292,-2.3176248286576993,0,1.0745997479502285,86,36,0.41860465116279066,0.35906011064218185,0.3929986842987642,0,36,0.41860465116279066,1
"Greene, Riley",682985,"DET",2025,-1.0927257242560777,1.0500885330147085,2.23236251371474,-1.6684269465088675,-1.656661291461951,-2.2583303140651045,1.7131525917125514,1.5952662553672616,115,44,0.3826086956521738,0.4005015289403923,0.39818516420967626,2,42,0.36521739130434777,0.9545454545454546
"Heim, Jonah",641680,"TEX",2025,-3.2091592386253227,1.2932660168079646,0.7815764030807558,-2.4858844909147315,-1.504851150791346,-1.5800938125997719,2.2973932833359942,0.5759665460717425,78,22,0.28205128205128205,0.3454312954392402,0.24447798614060098,3,19,0.24358974358974364,0.8636363636363636
"Tucker, Kyle",663656,"CHC",2025,1.1062783705458608,-2.273371492301126,3.076244110806647,0,-1.969965740260787,-3.75242289005637,0,1.4790513977552429,122,43,0.3524590163934424,0.36204347444898854,0.3222296055352279,0,43,0.3524590163934424,1
"India, Jonathan",663697,"KC",2025,0.012896571489224266,0.3593099504056065,2.262580995797119,0,-2.2496844243078944,-2.069192756238091,0,2.4285027066436986,138,46,0.3333333333333334,0.3636635085161216,0.373712503441649,0,46,0.3333333333333334,1
"Kelly, Carson",608348,"CHC",2025,-2.8995816846911553,0.5738546541703672,0.6872947084221749,-0.8208645867650493,-2.766011806348281,-1.4143208566924697,0.7773502418803696,1.210825268982468,80,21,0.2625,0.41088747554116567,0.29138171797135975,1,20,0.24999999999999997,0.9523809523809523
"Kwan, Steven",680757,"CLE",2025,-0.469022885548995,1.2773240613232666,2.9586956065678702,-0.9393532248350889,-2.4883652672817744,-2.542492658206285,0.9392105478659174,2.8806061716636338,175,43,0.24571428571428575,0.2726208440484634,0.29240687453808517,1,42,0.2400000000000001,0.9767441860465116
"Toro, Abraham",647351,"BOS",2025,-2.192174279270138,2.508853284727015,1.0297320487885497,-2.4095362428263987,-0.8123700852322895,-0.8829197729129695,2.427689899796844,0.9640831578431406,59,19,0.3220338983050848,0.3099370507587839,0.33534342269632733,3,16,0.271186440677966,0.8421052631578947
"Ritter, Ryan",690022,"COL",2025,0.5306783678677433,0.031344909517711274,0.8412489746358017,0,-0.3105706067680588,-0.5642510953683425,0,0.5955960048860539,46,20,0.4347826086956523,0.4250335902478449,0.4742097521818223,0,20,0.4347826086956523,1
"Lopez, Otto",672640,"MIA",2025,1.1261609464985727,0.05967728069466874,3.1654540073121824,-0.7674854385654873,-1.2718076222481232,-2.5504170353991182,0.7953424533978368,1.8147518626959502,107,46,0.42990654205607476,0.3815032725868983,0.43014865038074535,1,45,0.4205607476635513,0.9782608695652174
"Ortiz, Joey",687401,"MIL",2025,1.6992883842349356,-0.841957516178689,2.4321560749365947,0,-0.7328676907016582,-1.9324925439442977,0,1.0905350277656085,83,32,0.38554216867469876,0.3433067770662153,0.38560873193129463,0,32,0.38554216867469876,1
"Judge, Aaron",592450,"NYY",2025,-3.2533866283296624,2.305731483642226,1.9119403497648653,-1.6944111605883356,-3.4709158175061927,-2.307052207695375,1.6270822481986285,2.9857014431389723,155,54,0.3483870967741936,0.422158845833468,0.39804174794991903,2,52,0.3354838709677419,0.9629629629629629
"Seager, Corey",608369,"TEX",2025,-1.2408573656088497,-0.2426039949090569,1.387021135398841,0,-2.627878501007691,-1.8416065332633726,0,1.5990025383543158,101,29,0.28712871287128716,0.3775244904173818,0.3155540762748784,0,29,0.28712871287128716,1
"Pham, Tommy",502054,"PIT",2025,-3.175506416328747,3.520274677203149,1.146709625713497,-2.56855112047721,-1.7536649215650315,-0.9863782064348865,2.5805427065430258,1.9261101770950098,81,26,0.32098765432098764,0.3692401311932439,0.38575200811399624,3,23,0.2839506172839506,0.8846153846153846
"García, Adolis",666969,"TEX",2025,1.1574465834836682,-1.2978400062230195,2.325935673220807,0,-1.1684890897371392,-2.3845001759294746,0,1.0866601697064537,94,32,0.34042553191489366,0.3234808051447677,0.316357452266325,0,32,0.34042553191489366,1
"Paredes, Isaac",670623,"HOU",2025,-1.8356509810854764,-0.3186701452659565,1.518229005478258,-0.8474278283726036,-2.506452158191129,-2.3256883982918035,0.7819430186259216,1.2250752343999256,98,30,0.306122448979592,0.38688022285337714,0.2962315810176889,1,29,0.29591836734693877,0.9666666666666667
"Diaz, Yainer",673237,"HOU",2025,-0.7033952286839853,0.38781318341234666,1.652360117018722,-0.841366354369553,-1.5143889913331543,-1.7947508703684747,0.83474287840178,1.3478211753790417,122,37,0.3032786885245903,0.3269927110688937,0.316505044402911,1,36,0.2950819672131148,0.972972972972973
"Donovan, Brendan",680977,"STL",2025,1.0076493509708087,-2.126756033222921,3.472425153382981,0,-2.464775802412173,-4.069479086695207,0,1.9427230534722855,147,50,0.34013605442176875,0.354544907526692,0.32304145563079506,0,50,0.34013605442176875,1
"Shaw, Matt",807713,"CHC",2025,0.9031061473330838,0.24393029414987982,2.5219101699099498,-0.7953910097652366,-0.8234130128116288,-1.9515314103360328,0.8615332481097376,1.3339284563761753,82,35,0.4268292682926829,0.38409659966241166,0.4429199616925371,1,34,0.4146341463414635,0.9714285714285714
"Torrens, Luis",620443,"NYM",2025,-0.6427459501223883,-0.023906390257962755,1.2621647034544714,-0.931603475913382,-0.9733071776634775,-1.5131216230693536,0.9187352698671931,0.5704799629441981,52,20,0.3846153846153846,0.39024615708089505,0.3349394018674433,1,19,0.36538461538461536,0.95
"Herrera, Iván",671056,"STL",2025,0.7687533759462812,-1.8535926902686828,1.9448839478526359,0,-1.1761305719063535,-2.561126571886764,0,0.7075338816180806,99,31,0.31313131313131315,0.31799117151569767,0.2706464741717138,0,31,0.31313131313131315,1
"Arraez, Luis",650333,"SD",2025,0.15265364940421683,-1.7067885000852803,3.336569830128699,-1.7733082315179964,-1.4106079492064858,-4.282139156150509,1.691649824023853,0.883700832041374,164,51,0.31097560975609745,0.2929571827353461,0.25538889840150975,2,49,0.2987804878048778,0.9607843137254902
"Giménez, Andrés",665926,"TOR",2025,0.18338493547070375,0.8298165170293762,1.083123556608087,0,-0.899738621137383,-0.6588725027900335,0,1.48868901981941,72,24,0.3333333333333335,0.35919904104705075,0.4169454898272311,0,24,0.3333333333333335,1
"Kepler, Max",596146,"PHI",2025,0.6395580018443092,-0.5120095953497673,1.971955586694491,0,-1.3323975848501806,-1.8484133918403556,0,1.3364037964905882,86,28,0.32558139534883734,0.3339410312238138,0.34158285015398393,0,28,0.32558139534883734,1
"Naylor, Josh",647304,"MLB",2025,-3.558537646132537,0.6701196998794309,1.0589362191774736,-0.9384455498335941,-3.679028315476415,-1.954726412347922,0.8473307794146778,1.7775153328126754,134,39,0.29104477611940305,0.4073431543943424,0.31311578461204564,1,38,0.28358208955223907,0.9743589743589743
"Aranda, Jonathan",666018,"TB",2025,-4.645589554171068,2.9010039188171626,0.6820111028956878,-3.44989702667437,-1.8777036303923882,-1.159990825185571,3.18976902364628,0.8712257203564526,98,27,0.2755102040816325,0.34432981247812233,0.26669442838662694,4,23,0.23469387755102045,0.8518518518518519
"Goldschmidt, Paul",502671,"NYY",2025,-2.2967524989378614,1.0206788644033882,1.606469532055921,-0.969249153845281,-2.9339728771485007,-2.070871958241809,0.9323585227273758,2.159192299917821,134,41,0.3059701492537314,0.3852625705345004,0.3454678638870779,1,40,0.2985074626865672,0.975609756097561
"Yoshida, Masataka",807799,"BOS",2025,-0.11091852997449435,-0.5779769457310607,0.8754146636657323,0,-0.986333193640227,-1.138511756584768,0,0.5605348108537073,50,12,0.24000000000000005,0.2935786218857537,0.23255687978944686,0,12,0.24000000000000005,1
"Peña, Jeremy",665161,"HOU",2025,2.0665272857409054,-0.022838563054475403,3.6840410092283067,-0.7535558753050635,-0.8639578481823383,-2.47253652439308,0.7623588015171184,1.6873391598214873,127,48,0.377952755905512,0.3094806390115175,0.376414461395197,1,47,0.37007874015748043,0.9791666666666666
"Langford, Wyatt",694671,"TEX",2025,0.5866690896359185,1.0785593936512026,3.5152313687966714,-1.5194143239049511,-1.4091479552558024,-2.513166856448683,1.556354741175344,2.035371508924542,111,47,0.42342342342342343,0.3678461213273363,0.4301908055631665,2,45,0.4054054054054056,0.9574468085106383
"Torres, Gleyber",650402,"DET",2025,-2.5182769317317026,1.0765235533542215,2.208600032991914,-3.2822614029879515,-1.444615561735664,-2.9497740662144585,3.1383848501248623,0.8879127694438165,128,47,0.3671875,0.3631267650756236,0.3144301349970737,4,43,0.3359375,0.9148936170212766
"Quero, Edgar",700337,"CWS",2025,-2.523197646705048,-0.3094031628486968,1.4903813841312634,-1.787826044526363,-2.2257529863099474,-2.6014553749164433,1.6149947585882523,0.6770574534794945,95,30,0.31578947368421056,0.37986219585713427,0.2574851024701535,2,28,0.2947368421052632,0.9333333333333333
"Rutschman, Adley",668939,"BAL",2025,-0.8402221188215327,0.15034965688640334,1.2190476552134184,0,-2.0592697740349504,-1.491448002311787,0,1.641797659198191,82,29,0.35365853658536567,0.4401577689247425,0.4061780323952095,0,29,0.35365853658536567,1
"Larnach, Trevor",663616,"MIN",2025,-0.2775754029896668,-1.511895470826835,2.5736283232145745,-0.8801095653329649,-1.971094160871277,-3.4735363733290847,0.825077534964027,1.1365633675382227,125,44,0.3519999999999998,0.37027561337803416,0.3090882225214776,1,43,0.3439999999999998,0.9772727272727273
"Straw, Myles",664702,"TOR",2025,2.098513347962305,-0.8474838305100041,2.487684503726954,0,-0.3891711557646493,-1.6958422317442758,0,0.8483584012342729,59,26,0.4406779661016947,0.3429666116639078,0.4242319405743618,0,26,0.4406779661016947,1
"Mead, Curtis",678554,"MLB",2025,0.5695984060682439,-1.1031447740580609,1.2413943587861782,0,-0.6717959527179345,-1.6220655955047767,0,0.5189208214467159,55,20,0.36363636363636365,0.36046889864196313,0.31838780034843894,0,20,0.36363636363636365,1
"Happ, Ian",664023,"CHC",2025,-2.1639762607921114,2.4943320776372766,3.2831989542974886,-2.3913585799434975,-3.055816635146103,-3.193923705711863,2.47514241896644,3.2131133643827017,145,56,0.3862068965517242,0.4045094162188003,0.4162398751410316,3,53,0.3655172413793102,0.9464285714285714
"Fermin, Freddy",666023,"MLB",2025,-0.5658553121771303,-0.19591990582178864,1.0609389819699728,0,-1.6267942941471032,-1.3004751893287183,0,1.1045552835069299,72,20,0.27777777777777796,0.3488942850259722,0.3017180586483666,0,20,0.27777777777777796,1
"Cruz, Oneil",665833,"PIT",2025,0.9802437182763004,0.4264293010631917,2.9659155815998086,-0.7862539739499672,-1.1994178893735423,-2.2373511046196883,0.8562810791336088,1.8074993265492707,91,38,0.4175824175824177,0.3712003816593205,0.43745675873330475,1,37,0.40659340659340676,0.9736842105263158
"Frelick, Sal",686217,"MIL",2025,2.3432345394234693,0.00967923873992979,4.1275695996761765,0,-1.784335060252706,-2.9946950557017185,0,3.0043742944416474,143,50,0.34965034965034986,0.3232507013937013,0.3958451252662495,0,50,0.34965034965034986,1
"Burger, Jake",669394,"TEX",2025,-0.013496840449466281,0.06225432385685693,0.9937385598414864,0,-1.007235400290953,-0.9301011322111097,0,0.9923554560679666,51,19,0.37254901960784315,0.419704859058563,0.42140899710236485,0,19,0.37254901960784315,1
"Young, Jacob",696285,"WSH",2025,2.098843734895577,-1.0193057871973612,2.366352964759223,0,-0.2675092298636469,-1.7503455893105047,0,0.7310398021131436,59,21,0.3559322033898306,0.25575687546421044,0.336248294730311,0,21,0.3559322033898306,1
"Espinal, Santiago",669289,"CIN",2025,1.248775457739711,-1.534435733000269,1.7126939611569643,0,-0.4639185034172526,-1.8801249977331733,0,0.34568926473290507,61,23,0.37704918032786877,0.33080202411841364,0.31240612235059395,0,23,0.37704918032786877,1
"Meidroth, Chase",805367,"CWS",2025,-1.2705343303704684,0.5266377015393112,1.8802790637223337,-1.6281127657488317,-1.5227006283439701,-2.2031108528607053,1.579937243378545,1.1498113110214723,123,32,0.26016260162601634,0.27870516976989473,0.25487583361921345,2,30,0.24390243902439018,0.9375
"Fortes, Nick",663743,"MLB",2025,0.2636886986015778,-0.4563499521109124,1.0659186568892687,0,-0.802229958287691,-1.19622073864731,0,0.7398707865363975,46,18,0.391304347826087,0.39960021279276553,0.38361336665781987,0,18,0.391304347826087,1
"Sosa, Lenyn",672820,"CWS",2025,0.25923453061811186,-1.0797503542113867,1.4378012531692976,0,-1.178566722551186,-1.747895413427211,0,0.6681450592158246,91,27,0.2967032967032967,0.3196434905922565,0.2813703740329577,0,27,0.2967032967032967,1
"Contreras, Willson",575929,"STL",2025,-2.1291349873762644,2.062837967005175,1.9496584437428264,-2.4215835354251825,-1.6572098956939085,-2.009810159819578,2.3940699039389504,1.678578222885803,116,53,0.4568965517241381,0.4659988941628943,0.46466129091070557,3,50,0.43103448275862066,0.9433962264150944
"Caratini, Victor",605170,"HOU",2025,-1.6794034915971212,-0.40347774680241366,1.1802598374548035,-0.7684367716155758,-2.0912265574363493,-1.990194956180504,0.7523744189157345,0.8343427904623556,70,17,0.24285714285714288,0.32213900522682276,0.1998596127938453,1,16,0.22857142857142856,0.9411764705882353
"Keith, Colt",690993,"DET",2025,4.195555272558031,-3.7195757976177433,5.067018439049726,0,-0.8714631664916952,-4.667721728306079,0,0.9481459306883369,105,43,0.4095238095238095,0.2972161087830696,0.3166870745541331,0,43,0.4095238095238095,1
"Grichuk, Randal",545341,"MLB",2025,1.138084319273212,-1.0209684373152923,1.7102899786899763,0,-0.5722056594167638,-1.5823792055446544,0,0.5614107682293621,63,24,0.38095238095238104,0.34051836190523277,0.3465698510904769,0,24,0.38095238095238104,1
"Nootbaar, Lars",663457,"STL",2025,0.7198302203457354,-0.6587395614770332,3.2740942330433405,-0.8257313839961326,-1.728532628701474,-3.248314994477006,0.8456008302602239,1.7439746027397482,118,45,0.38135593220339,0.3660038755827355,0.36895519064307225,1,44,0.37288135593220356,0.9777777777777777
"Marte, Ketel",606466,"AZ",2025,-2.3916627084102253,3.2171068242193885,2.2753809629064734,-2.393410777303358,-2.2736328940133403,-1.936511292951221,2.4458545032042096,2.7077636139664003,141,46,0.32624113475177297,0.3521343806437852,0.3751187507496363,3,43,0.3049645390070921,0.9347826086956522
"O'Hoppe, Logan",681351,"LAA",2025,-1.9231534552783744,1.932062020514528,0.8025295709650048,-1.742458959128562,-0.9832240671148171,-0.7711704946649691,1.7375959645770145,0.965636550602482,76,22,0.2894736842105263,0.32412570316563394,0.3224662338930039,2,20,0.2631578947368421,0.9090909090909091
"Bellinger, Cody",641355,"NYY",2025,0.11109589202562092,1.3736395888037074,3.5392384772869607,-1.7827407646532518,-1.6454018206080891,-2.733564610438476,1.8621805418736168,2.2450236573685665,105,42,0.4000000000000001,0.37151833628585457,0.4270802121974381,2,40,0.38095238095238093,0.9523809523809523
"Lindor, Francisco",596019,"NYM",2025,0.22883756780262832,0.2985991403342215,3.4797665525951653,-1.8250507206055366,-1.4258782641870003,-3.169758443030269,1.8189808020126408,1.6493767813518503,153,59,0.3856209150326798,0.3634021491852045,0.37910138342678656,2,57,0.37254901960784315,0.9661016949152542
"House, Brady",691781,"WSH",2025,0.2510378342255081,-0.24988791102110322,0.8836038265691645,0,-0.6325659923436564,-0.8948931914532718,0,0.645005280432169,49,14,0.28571428571428575,0.30920009676321725,0.3100467176223185,0,14,0.28571428571428575,1
"Wood, James",695578,"WSH",2025,0.08576434333704643,1.1951541328806057,3.5580622439674894,-0.7995175532365256,-2.672780347393919,-3.053281389765319,0.8237831970084365,3.4246523256374877,150,52,0.3466666666666667,0.3613882444431055,0.3969764829836128,1,51,0.34000000000000014,0.9807692307692307
"Massey, Michael",686681,"KC",2025,-0.48071947123404507,0.24525369880846654,0.37760371764326167,0,-0.8583231888773066,-0.4386039929916312,0,0.6838576918000977,46,9,0.19565217391304343,0.2664602984042314,0.24280030520487106,0,9,0.19565217391304343,1
"Hicks, Liam",689414,"MIA",2025,-0.4387036483379774,-0.9374066902812981,2.1607932448070777,-0.7927147253782085,-1.8067821677668476,-2.8021966989955436,0.7610234345564366,1.1037665741578082,83,28,0.33734939759036153,0.34726647056388077,0.2787107870969016,1,27,0.32530120481927716,0.9642857142857143
"Witt Jr., Bobby",677951,"KC",2025,4.534094481321815,-0.42852677953151436,5.748492791185928,0,-1.214398309864111,-3.2908663017133892,0,2.8623395221818724,158,67,0.42405063291139256,0.3445532370286472,0.45394138398027745,0,67,0.42405063291139256,1
"Rosario, Amed",642708,"MLB",2025,1.1826470964216258,-0.6052910340471678,1.5063312952598635,0,-0.323684198838237,-1.2840228092818948,0,0.6787317752347275,57,20,0.3508771929824561,0.29580350946771444,0.35406960459337317,0,20,0.3508771929824561,1
"Contreras, William",661388,"MIL",2025,-1.6619605146011307,-0.01812041752243821,1.8442791876037983,-0.8600390427099449,-2.6462006594949847,-2.5377431407902904,0.811233188920789,1.708389534347064,144,50,0.3472222222222224,0.39866335875949815,0.3509089141955374,1,49,0.34027777777777796,0.98
"Rafaela, Ceddanne",678882,"BOS",2025,2.76873253846531,-0.9443509378699747,4.6094977323972035,-0.7755052144133258,-1.0652599795185693,-3.360489312119177,0.7955695982607062,1.6205687759884966,124,59,0.4758064516129033,0.39269496285713634,0.45161680981360003,1,58,0.46774193548387094,0.9830508474576272
"Buxton, Byron",621439,"MIN",2025,4.462860255834651,-1.6681230143053543,4.933846213952767,0,-0.4709859581181165,-3.027436449067543,0,1.3593134347621878,110,54,0.4909090909090908,0.36688423071211107,0.4742464791923883,0,54,0.4909090909090908,1
"Torkelson, Spencer",679529,"DET",2025,0.5166150865877978,-1.3260771556095534,2.6663721563034386,0,-2.1497570697156405,-3.0474350715161087,0,1.7213579159065555,117,42,0.35897435897435903,0.3782790721115167,0.3483588928474278,0,42,0.35897435897435903,1
"Langeliers, Shea",669127,"ATH",2025,0.33761691200839633,-0.1659327297455055,1.9902238260895215,0,-1.6526069140811246,-1.9413685594136576,0,1.7754358296681523,101,34,0.33663366336633666,0.3555946755996602,0.36275472361159067,0,34,0.33663366336633666,1
"Domínguez, Jasson",691176,"NYY",2025,1.1930085437149378,-0.012911929635294831,3.2158554834033204,-0.7505046609337857,-1.272342278754596,-2.709444718257806,0.7511830752421701,1.9453497133803406,98,40,0.40816326530612257,0.36509248725059523,0.41996466927290277,1,39,0.3979591836734695,0.975
"Ramos, Heliot",671218,"SF",2025,-0.9549265912810797,1.0097018396613213,3.5070952058114693,-1.7534220828849565,-2.7085997142075935,-3.47108199150834,1.755379900744767,2.7254039304248954,148,53,0.35810810810810806,0.36989568118436333,0.3708595374696295,2,51,0.3445945945945947,0.9622641509433962
"Bichette, Bo",666182,"TOR",2025,-1.771380020313369,0.9969818034377117,2.224317318626878,-0.8279809387004401,-3.167716400239805,-2.48309060822467,0.8256838572538767,2.654388554408505,180,59,0.3277777777777778,0.390898238721191,0.37195932326555786,1,58,0.3222222222222221,0.9830508474576272
"Ruiz, Keibert",660688,"WSH",2025,-1.4047667574813096,0.2861977775787323,0.5743518453872009,-0.9411891580209316,-1.0379294448475795,-0.8423081903129581,0.7905307576446386,0.33797521024705196,50,10,0.2,0.2654092659905076,0.16427041134090575,1,9,0.18000000000000008,0.9
"Bohm, Alec",664761,"PHI",2025,-2.328250679251005,0.9185638313888752,1.7725919724431063,-0.9280860566797141,-3.1727565950143983,-2.1412517510490314,0.8922386812123216,2.1675769012255857,136,32,0.23529411764705888,0.3173875376495195,0.27355385166149526,1,31,0.22794117647058826,0.96875
"Acuña Jr., Ronald",660670,"ATL",2025,1.4037076373099437,-0.11408368996895862,2.721579632543463,0,-1.3178719952335192,-2.039164532768784,0,1.9250808427998267,96,34,0.3541666666666665,0.33436081656469335,0.38730195116881205,0,34,0.3541666666666665,1
"Santana, Carlos",467793,"MLB",2025,-1.5305602387266608,-0.061098548769523496,1.3459882132962453,-1.7183928457244395,-1.1581556062984666,-2.1245250163373877,1.5939093515721834,0.4695171159956805,83,27,0.3253012048192771,0.35140809589402144,0.26566295328969614,2,25,0.3012048192771085,0.9259259259259259
"Pasquantino, Vinnie",686469,"KC",2025,-3.8076485112665615,0.05707315928948396,0.970162566154537,-1.817863722825209,-2.9599473545958905,-2.574916694761413,1.5785830620269965,1.0534067920239005,137,42,0.3065693430656934,0.40096868400948593,0.2929849325462095,2,40,0.291970802919708,0.9523809523809523
"Campbell, Kristian",692225,"BOS",2025,0.5225630778254112,-0.750643944717541,1.8377605059001483,-0.8028501845250026,-0.5123472435497346,-2.002246654535631,0.7884760754974185,0.4631266343206714,53,21,0.3962264150943397,0.34108004665191227,0.3254396890512447,1,20,0.37735849056603776,0.9523809523809523
"Chourio, Jackson",694192,"MIL",2025,2.5295010112988225,0.36161656335073383,4.4525277340310225,-0.8623912711708739,-1.0606354515613252,-2.8567534082404697,0.9152159738181883,2.303153997773016,132,58,0.4393939393939394,0.37412563534777277,0.4590919474328077,1,57,0.43181818181818177,0.9827586206896551
"Butler, Lawrence",671732,"ATH",2025,2.6697540391463854,-2.9386294060180207,4.737895776196864,-0.7738549493554319,-1.294286787695048,-4.8889475354361345,0.770489255728018,1.1798288736900961,150,55,0.3666666666666668,0.3037822797086376,0.29499929858607105,1,54,0.36000000000000026,0.9818181818181818
"Edwards, Xavier",669364,"MIA",2025,2.2815135848009667,-0.7790605356230108,4.873399461504239,-0.7729458249682275,-1.818940051735045,-4.111980403463021,0.8357695315967222,2.4971503362432883,158,53,0.33544303797468356,0.2842506571096828,0.32702949403669407,1,52,0.3291139240506328,0.9811320754716981
"Anthony, Roman",701350,"BOS",2025,1.4008683866749498,-1.27725655823491,2.20927821296829,0,-0.8084098262933409,-2.1255843547073576,0,0.848327796472447,79,28,0.35443037974683533,0.32587808465956847,0.33261121594000836,0,28,0.35443037974683533,1
"Rojas, Miguel",500743,"LAD",2025,0.3340220140112104,-1.3989728756010797,1.4248928601867419,0,-1.0908708461755308,-2.069278144753762,0,0.6703052691526827,82,26,0.31707317073170743,0.33159631024231484,0.28064724819877657,0,26,0.31707317073170743,1
"Bader, Harrison",664056,"MLB",2025,0.5473464901472703,1.3666400278788613,2.892281472572264,-0.8875623106999051,-1.4573726717250892,-2.034917850111735,0.9328829633131044,2.4686749146774916,113,46,0.4070796460176991,0.39434822565153116,0.46105286186449,1,45,0.3982300884955751,0.9782608695652174
"Turang, Brice",668930,"MIL",2025,2.3272575721596502,0.12415864929222384,4.3115152028332,-0.837870184331017,-1.1463874463425354,-3.095801104219869,0.938895950271079,2.281063803241014,145,53,0.36551724137931024,0.31893206175554367,0.38838506124266453,1,52,0.3586206896551724,0.9811320754716981
"McNeil, Jeff",643446,"NYM",2025,0.14084584072720735,0.027721424257772034,1.9030194647576362,0,-1.7621736240304282,-1.8200292994080205,0,1.8477507236657915,103,33,0.32038834951456313,0.3487499822475326,0.3575913538682085,0,33,0.32038834951456313,1
"Jones, Nolan",666134,"CLE",2025,-0.8940495747359413,1.073008356282455,1.3116225282763185,-0.8334734598984277,-1.372198643113832,-1.196744830538789,0.830039143695145,1.4397140431260995,68,23,0.33823529411764713,0.37698846854103596,0.384180896063543,1,22,0.32352941176470595,0.9565217391304348
"Bell, Josh",605137,"WSH",2025,-3.9943606312784596,2.3120634819621335,0.6777806864658089,-0.9746678761511972,-3.69747344159307,-1.0515715181190808,0.924061018362604,2.4395739817186106,106,28,0.2641509433962263,0.4140500549209082,0.3509180929749895,1,27,0.25471698113207547,0.9642857142857143
"Walker, Jordan",691023,"STL",2025,-0.5898402356441225,1.1339174278874726,1.062151607110174,0,-1.651991842754297,-0.8535933689553756,0,1.9875107968428483,61,18,0.29508196721311475,0.3901758088725599,0.42387743328495103,0,18,0.29508196721311475,1
"Higashioka, Kyle",543309,"TEX",2025,-1.0305557952080067,-0.2947337225461035,0.855748742625874,-0.8578964748096123,-1.0284080630242693,-1.5286512707712743,0.8011698256158565,0.43274772260931427,62,21,0.3387096774193548,0.3835002791770386,0.3008108084018732,1,20,0.32258064516129026,0.9523809523809523
"De La Cruz, Elly",682829,"CIN",2025,6.329290123059791,-2.734970117011684,7.2529640271299405,0,-0.9236739040701486,-4.485018896841697,0,1.7500487798300126,144,74,0.5138888888888886,0.38676580554230344,0.4857565818764926,0,74,0.5138888888888886,1
"Yelich, Christian",592885,"MIL",2025,3.2161721723136716,-1.871425883909119,4.366740152588147,0,-1.1505679802744762,-3.5254533556703307,0,1.6540274717612118,116,52,0.44827586206896547,0.3880452401560367,0.4339462782237488,0,52,0.44827586206896547,1
"Carroll, Corbin",682998,"AZ",2025,7.227603855532398,-3.027965991453042,8.861404597403332,-0.756861675130137,-0.8769390667407977,-5.684738351966229,0.8286380639428643,1.8281342965703233,127,71,0.5590551181102363,0.3494909039926506,0.48828830188253597,1,70,0.551181102362205,0.9859154929577465
"Moncada, Yoán",660162,"LAA",2025,0.19098512922156538,0.0006217579162869687,1.3992832921315521,0,-1.2082981629099863,-1.321993516925095,0,1.3226152748413822,51,20,0.3921568627450981,0.42552594330244803,0.437939664539029,0,20,0.3921568627450981,1
"Benson, Will",666181,"CIN",2025,-0.06216712194254667,0.5234876893282486,0.9223556698826767,-0.7571293586592927,-0.22739343316593083,-0.6864924404726213,0.7668608021276051,0.4431193276732649,48,17,0.35416666666666674,0.3029967871992939,0.3418890199085566,1,16,0.3333333333333334,0.9411764705882353
"Walker, Christian",572233,"HOU",2025,-1.0151996265945915,-0.29805808952265206,1.732092312117982,-0.905588811238824,-1.841703127473749,-2.2316812674558997,0.8690966716308413,1.0645265063024067,119,37,0.31092436974789917,0.351582137973492,0.30437788434255525,1,36,0.3025210084033613,0.972972972972973
"Ohtani, Shohei",660271,"LAD",2025,3.3148874407191133,-1.2101316213443334,5.571672553022122,0,-2.2567851123030063,-4.4813998885501425,0,3.271268267205809,152,63,0.4144736842105263,0.37775076723457934,0.43874958954916177,0,63,0.4144736842105263,1
"Gorman, Nolan",669357,"STL",2025,-1.3184931481133597,0.2118325150338238,1.4543509745721315,-0.8459440752146394,-1.9269000474708518,-1.8679044724216494,0.8526001348834811,1.2271368525719917,69,23,0.33333333333333354,0.41650346248321435,0.34481229391287405,1,22,0.31884057971014507,0.9565217391304348
"Bogaerts, Xander",593428,"SD",2025,-0.5951995486455108,1.1140231501342754,2.1497593544041997,-0.8866347566948785,-1.858324146354832,-1.9383480097919827,0.9126483507465204,2.139722809179738,103,35,0.33980582524271846,0.3695809731129848,0.3906913669327504,1,34,0.3300970873786408,0.9714285714285714
"Frazier, Adam",624428,"MLB",2025,0.4135295773776713,-0.9128255619499533,3.376875452055692,-1.6715902543905727,-1.2917556202874474,-3.709394461263285,1.6528335679409976,1.1437353313723346,113,41,0.36283185840707965,0.31686564889683005,0.2977159566436908,2,39,0.3451327433628318,0.9512195121951219
"Call, Alex",669743,"MLB",2025,-0.8107518570790878,1.3291291296047645,1.7197137342777402,-1.766643476813396,-0.7638221145434316,-1.5034176828728083,1.7885905157587556,1.0439562967188178,75,32,0.42666666666666664,0.40152110810797514,0.42991937262881885,2,30,0.40000000000000013,0.9375
"Chisholm Jr., Jazz",665862,"NYY",2025,0.8688879454537813,0.44445770114948635,2.4168617243863535,-0.752130267822052,-0.7958435111105205,-1.7533851887474958,0.8310616140622221,1.3667812758347604,85,31,0.36470588235294127,0.32463722986251337,0.38895625129764616,1,30,0.35294117647058826,0.967741935483871
"Mayo, Coby",691723,"BAL",2025,0.6855609470511423,-0.5769485317314986,1.3524053003227328,0,-0.6668443532715902,-1.2788428240055736,0,0.7018942922740752,54,18,0.33333333333333337,0.3270297616395949,0.33271403884123224,0,18,0.33333333333333337,1
"Wilson, Jacob",805779,"ATH",2025,0.44305311839245415,-1.0074488695431143,1.546200827951724,0,-1.10314770955927,-1.8754064877449828,0,0.8679576182018689,105,29,0.2761904761904763,0.2930105101044419,0.2711985084334414,0,29,0.2761904761904763,1
"Soderstrom, Tyler",691016,"ATH",2025,-0.037629369795232515,-0.6968038945607885,2.8806841547971307,-1.691868108772268,-1.2264454158200953,-3.3456559539128703,1.647011279788245,1.0018407795638358,137,53,0.3868613138686131,0.3707311373623307,0.34964937701179427,2,51,0.3722627737226278,0.9622641509433962
"Robert Jr., Luis",673357,"CWS",2025,-0.9179714547708555,1.6982674189791325,1.187383828172891,-0.9032134343731164,-1.20214184857063,-0.9976742334386598,0.903111078459869,1.7928305739579231,68,20,0.2941176470588237,0.33806464093036515,0.38851292597615805,1,19,0.2794117647058826,0.95
"Busch, Michael",683737,"CHC",2025,-3.2259157244367103,1.9441063029934083,2.2035107213020755,-2.468043917326373,-2.9613825284124116,-2.652834118785539,2.408486431764354,2.188453990014595,135,44,0.325925925925926,0.3786008029015349,0.3360616322527957,3,41,0.303703703703704,0.9318181818181818
"Story, Trevor",596115,"BOS",2025,2.9614089992890227,-1.0675448166483479,5.044069601350565,-0.7708133023805568,-1.3118472996809873,-3.9863749752682116,0.8122375950676958,2.1065925635521667,133,50,0.37593984962406013,0.29715764020584734,0.3564552282014716,1,49,0.3684210526315789,0.98
"Schneemann, Daniel",682177,"CLE",2025,1.0172374402972395,-0.6406124696730899,1.6224904480150693,0,-0.6052530077178294,-1.3841531332657613,0,0.7435406635926711,66,27,0.40909090909090917,0.38245394731633564,0.4087260556576531,0,27,0.40909090909090917,1
"Hernández, Heriberto",681715,"MIA",2025,-1.0541922266671184,1.6435878224288747,0.6672288253268558,-0.8428366924922379,-0.8785843595017362,-0.5248023528259271,0.8681328585424237,1.3002573167123774,56,20,0.3571428571428572,0.39872259659937626,0.43911917887231766,1,19,0.3392857142857143,0.95
"Schmitt, Casey",669477,"SF",2025,-0.7744971150421796,0.7786525735048344,0.642175114871754,0,-1.4166722299139336,-0.64351769119552,0,1.4221702647003547,62,12,0.19354838709677422,0.27784267654054945,0.27655780547477166,0,12,0.19354838709677422,1
"Kiner-Falefa, Isiah",643396,"MLB",2025,0.9282963454655468,-0.4322819182759242,2.649619283170319,-0.7635228838998322,-0.9578000538049394,-2.362517272371698,0.8218577406242944,1.1083776134714793,95,35,0.36842105263157904,0.32895963577650134,0.3506475089114422,1,34,0.3578947368421052,0.9714285714285714
"Betts, Mookie",605141,"LAD",2025,0.01478547108247847,0.23393404382593105,2.9619466065934423,-1.6573893472376238,-1.2897717882733417,-2.9281372407119965,1.6892673516348533,1.4728039329030722,140,55,0.39285714285714296,0.3693642906293251,0.37717950729965743,2,53,0.37857142857142867,0.9636363636363636
"Perdomo, Geraldo",672695,"AZ",2025,2.2662104366050273,-2.928020320510414,5.186981336297673,-1.6781238425432676,-1.242647057149378,-5.576431246244765,1.6138586153683763,1.0345523103659748,161,57,0.3540372670807452,0.2878238209506122,0.2688813431114477,2,55,0.3416149068322981,0.9649122807017544
"McMahon, Ryan",641857,"MLB",2025,1.3094277790499467,-2.9214870002395843,2.36438305118536,0,-1.0549552721354138,-3.4104732956408665,0,0.48898629540128313,101,37,0.36633663366336644,0.35424326147523966,0.2890272082220414,0,37,0.36633663366336644,1
"Hayes, Ke'Bryan",663647,"MLB",2025,-1.1120286064138554,0.609097981838856,2.317225537716782,-1.7065009482563451,-1.7227531958742923,-2.515439560536179,1.7091514132782648,1.41538612909677,115,41,0.3565217391304347,0.36241246505375635,0.3433103865173098,2,39,0.3391304347826087,0.9512195121951219
"Nimmo, Brandon",607043,"NYM",2025,0.14936463977350672,1.057504165609574,1.8545925090252564,0,-1.70522786925175,-1.418746990325246,0,2.4762511559348197,135,36,0.2666666666666667,0.3014924530140753,0.3394803503738012,0,36,0.2666666666666667,1
"Stott, Bryson",681082,"PHI",2025,2.0349362630546652,-0.5561603373586355,2.9004027186604198,0,-0.8654664556057549,-2.165151112451979,0,1.6089907750933432,113,40,0.3539823008849557,0.3166800328247957,0.37071058535509815,0,40,0.3539823008849557,1
"Díaz, Yandy",650490,"TB",2025,-0.051144601799963725,-1.4505365620953932,1.9909503851132475,0,-2.0420949869132117,-2.7118200114784585,0,1.261283449383066,159,46,0.2893081761006288,0.32156873909983646,0.28260740219861336,0,46,0.2893081761006288,1
"Goodman, Hunter",696100,"COL",2025,-0.9607830383339768,0.47853584459745224,2.0510784899314447,-0.9111153290291522,-2.1007461992362697,-2.3627889881137736,0.8876974526951142,1.9536273800161117,120,46,0.3833333333333333,0.4237680776648657,0.40678389972147794,1,45,0.37500000000000017,0.9782608695652174
"Reynolds, Bryan",668804,"PIT",2025,1.7041130783132967,-1.0228265929438198,3.327928435453344,0,-1.623815357140048,-3.059884228913633,0,2.0370576359698127,143,53,0.3706293706293706,0.36572249122265726,0.3853083353563078,0,53,0.3706293706293706,1
"Bart, Joey",663698,"PIT",2025,-1.1528505457873026,0.5023812917971041,1.2942127674430557,-0.7491511286650415,-1.697912184565317,-1.5879449775508327,0.7472602558516191,1.3430660134963177,72,21,0.2916666666666667,0.3371266314060835,0.2956989216771521,1,20,0.27777777777777785,0.9523809523809523
"Davis, Henry",680779,"PIT",2025,-0.27375181075546345,0.34174877839028145,0.6938254290105718,0,-0.9675772397660352,-0.65825933687477,0,1.0000081152650513,49,16,0.3265306122448979,0.38317914386378205,0.3879029940778136,0,16,0.3265306122448979,1
"Muncy, Max",571970,"LAD",2025,0.3839712071791054,-0.5176565350930706,1.331157908254581,0,-0.9471867010754751,-1.3679108922141334,0,0.8502543571210632,61,20,0.3278688524590164,0.34390431159410406,0.33454061284332454,0,20,0.3278688524590164,1
"Westburg, Jordan",676059,"BAL",2025,-0.16167105710270352,1.5939031252903064,2.300498109197315,-0.9331090021859422,-1.529060164114077,-1.6798937437764363,0.9415412941615928,2.3322555749051497,85,36,0.4235294117647058,0.43334344884626114,0.49650740930526827,1,35,0.41176470588235287,0.9722222222222222
"Edman, Tommy",669242,"LAD",2025,0.3352053940045071,0.733430120774783,1.3895011521115481,0,-1.054295758107041,-0.8671891104804378,0,1.600619231255221,73,26,0.356164383561644,0.3774132271478052,0.43378856944999766,0,26,0.356164383561644,1
"Baldwin, Drake",686948,"ATL",2025,-0.7414691398167309,-0.7765769370217591,1.45737759321517,-0.8846391635306491,-1.3142075695012523,-2.2380407696188964,0.7800389019998324,0.6814249305973056,88,29,0.32954545454545453,0.35862406703614913,0.28677649795079097,1,28,0.3181818181818182,0.9655172413793104
"Burleson, Alec",676475,"STL",2025,-0.6333413734187641,-1.493236176016325,1.7651975963468496,0,-2.3985389697656134,-2.417699284988002,0,0.9244631089716768,116,32,0.27586206896551724,0.3336766778421755,0.25285693621492106,0,32,0.27586206896551724,1
"Vaughn, Andrew",683734,"MLB",2025,-1.7256239823776107,0.27077307046057,0.6642369350435567,-0.8584785502918824,-1.5313823671292857,-1.3572528093905398,0.8063754356869045,0.821650444164205,92,24,0.2608695652173912,0.3256066555891605,0.2634589068033748,1,23,0.25000000000000006,0.9583333333333334
"Smith, Dominic",642086,"SF",2025,-0.3375405858194548,-0.40481876019026447,0.48103250721996693,0,-0.8185730930394216,-0.7468280957414248,0,0.34200933555116025,56,17,0.3035714285714286,0.36005417583211413,0.29953006119456144,0,17,0.3035714285714286,1
"Triolo, Jared",669707,"PIT",2025,0.9327747495148133,-0.16480106819873092,1.914004545258734,0,-0.9812297957439209,-1.5340005901597824,0,1.3691995219610515,80,31,0.38749999999999996,0.38210391201580113,0.4206360750945135,0,31,0.38749999999999996,1
"France, Ty",664034,"MLB",2025,-2.238157673944524,-0.8825411269776015,2.04893901969407,-2.4196648980538313,-1.8674317955847632,-3.6479541752020666,2.3044064953266394,0.46100655289782716,112,39,0.3482142857142857,0.3622936872033737,0.24741319696651168,3,36,0.3214285714285713,0.9230769230769231
"Horwitz, Spencer",687462,"PIT",2025,0.7512444835311717,-3.896178433486751,2.5121314625066833,0,-1.7608869789755104,-4.443979742351898,0,0.5478013088651453,105,38,0.3619047619047618,0.38215894463171446,0.25860455857623293,0,38,0.3619047619047618,1
"Simpson, Chandler",802415,"TB",2025,3.420554126133803,-1.155308737857515,4.643790466578487,-0.8216496016253501,-0.4015867388193336,-3.0730602662365465,0.8720805433727308,1.0456709850063013,108,40,0.37037037037037046,0.23385005565202271,0.3277322208279108,1,39,0.3611111111111111,0.975
"Benintendi, Andrew",643217,"CWS",2025,1.097300235457761,-0.9746669288208656,2.7332302391152488,0,-1.6359300036574884,-2.694562808483218,0,1.7198958796623531,98,34,0.3469387755102041,0.3489819770817302,0.3524864411566063,0,34,0.3469387755102041,1
"Rengifo, Luis",650859,"LAA",2025,1.207288387843411,-1.0932412187981146,2.2663395450752217,0,-1.0590511572318104,-2.1743466360595494,0,1.081105417261435,104,31,0.298076923076923,0.28974271024559656,0.29428144747395685,0,31,0.298076923076923,1
"Friedl, TJ",670770,"CIN",2025,2.0334867241837054,-2.0579290834771076,4.267810517449399,0,-2.234323793265693,-4.298563349342155,0,2.2406342658650487,154,50,0.3246753246753246,0.30989917718358917,0.308978254639988,0,50,0.3246753246753246,1
"Flores, Wilmer",527038,"SF",2025,-2.935711239642549,1.2021809064905147,0.5721435162853896,-1.742265600921066,-1.7655891550068727,-1.053873154203845,1.5600745387354051,0.6959795219589546,72,14,0.1944444444444445,0.28936369974715087,0.17895900488022742,2,12,0.16666666666666677,0.8571428571428571
"Díaz, Elias",553869,"SD",2025,-3.093054603828217,2.0335609095424934,0.286731064707225,-1.9101080080179533,-1.4696776605174897,-0.6248230633832427,1.8046411057209144,0.8537428672048227,48,12,0.25,0.38976130825200134,0.29950938847276487,2,10,0.20833333333333334,0.8333333333333334
"Andujar, Miguel",609280,"MLB",2025,-2.1569778066521983,1.9178850970735715,0.9010714858584188,-1.782537219200497,-1.2755120733101213,-0.9986946301393784,1.7602636666464286,1.156316060566521,85,24,0.28235294117647053,0.32796561822351583,0.3168082070481862,2,22,0.2588235294117647,0.9166666666666666
"Henderson, Gunnar",683002,"BAL",2025,4.417050593292021,-2.106670632913553,5.8859528243790615,-0.7680440680135638,-0.7008581630734774,-4.326296791396797,0.8060110761723385,1.4136150823109062,133,60,0.4511278195488722,0.34022328176155814,0.41123758130493987,1,59,0.443609022556391,0.9833333333333333
"Tatis Jr., Fernando",665487,"SD",2025,3.5365032888415238,-1.2281356003909627,5.413027211700142,-0.7701948487915716,-1.106329074067047,-4.033140093896167,0.8114026380545123,1.9936018554506916,159,65,0.40880503144654085,0.34033299754691576,0.39736015697918525,1,64,0.40251572327044016,0.9846153846153847
"Schwarber, Kyle",656941,"PHI",2025,-1.0945627605033261,-0.5121389074948502,2.3787255169808925,-0.9668389453544114,-2.5064493321298085,-3.1489210360215947,0.9403057830972444,1.6964763454295004,118,41,0.34745762711864403,0.39065260095119025,0.3371255302640129,1,40,0.3389830508474576,0.975609756097561
"Soler, Jorge",624585,"LAA",2025,-0.14498508061941767,-0.3157937716780769,0.5686065064210012,0,-0.7135915870404188,-0.7860284320749978,0,0.4702346603969211,50,17,0.33999999999999997,0.3792147997688512,0.34358940831136475,0,17,0.33999999999999997,1
"Altuve, Jose",514888,"HOU",2025,0.06449335567856412,1.0123438303768992,2.8778296980517744,-0.9903411297065379,-1.8229952126666737,-2.290616247370672,0.9957204119578151,2.307239665789757,138,45,0.3260869565217392,0.3332558386411816,0.364873551659203,1,44,0.3188405797101449,0.9777777777777777
"Arozarena, Randy",668227,"SEA",2025,-3.845374733408696,5.289716221231441,2.527889282184823,-3.9460901963723765,-2.4271738192211423,-1.9539403890214302,4.146722024844946,3.096934585407923,128,48,0.37499999999999994,0.38801119124063094,0.43210964351226805,5,43,0.3359375,0.8958333333333334
"Jeffers, Ryan",680777,"MIN",2025,-1.211496229133885,-0.5713377764958646,1.4444075022951126,-0.7752885590579388,-1.880615172371059,-2.312740564100512,0.7555519662008036,0.9858508214038437,92,26,0.28260869565217395,0.3335108446541751,0.24955087452596153,1,25,0.27173913043478265,0.9615384615384616
"Laureano, Ramón",657656,"MLB",2025,0.291453609809519,-0.04688530093459959,1.9031451419684113,-0.8436543197564714,-0.7680372124024205,-1.8107335666045046,0.8688841998589554,0.89496406581095,96,33,0.34374999999999994,0.31966240194327505,0.33062670776349284,1,32,0.3333333333333334,0.9696969696969697
"Iglesias, Jose",578428,"SD",2025,-0.7227538679211264,1.0647069640906999,0.6721539166764349,-0.83728056964185,-0.5576272149557113,-0.5532213321372998,0.9165938903735665,0.7013344058544326,52,15,0.28846153846153844,0.3030210212337848,0.330887836989065,1,14,0.2692307692307692,0.9333333333333333
"Baldwin, Brooks",681460,"CWS",2025,0.9844301850274396,-0.3460749094917184,1.5898617485081319,0,-0.605431563480692,-1.1796919929868943,0,0.833617083495176,57,25,0.43859649122807015,0.4063879385416441,0.4494574390567921,0,25,0.43859649122807015,1
"Beck, Jordan",687597,"COL",2025,0.24521689973824157,0.7929221106605662,3.455998051155459,-1.5250902270760704,-1.6856909243411478,-2.864513767696351,1.5448595338888698,2.112576344468048,120,47,0.3916666666666666,0.36004261982865426,0.39607920677678504,2,45,0.37500000000000006,0.9574468085106383
"Pérez, Wenceel",672761,"DET",2025,1.8252461903234303,-1.4219102843936358,4.091693175835055,-1.7115646434123366,-0.5548823420992882,-3.8385334956461654,1.734166528903881,0.6824566823486486,90,39,0.43333333333333324,0.30642234495564474,0.32591730806744584,2,37,0.4111111111111112,0.9487179487179487
"Smith, Will",669257,"LAD",2025,-1.154866643238821,0.924414570954408,0.9565689003592532,-0.8791660991501813,-1.2322694444478934,-1.0216371235845199,0.8772551712111704,1.0687965233277579,82,26,0.3170731707317075,0.36976451963599977,0.35517123154599134,1,25,0.30487804878048796,0.9615384615384616
"Arias, Gabriel",672356,"CLE",2025,0.9058221413187397,-1.044755748239435,2.237193566342174,-0.7831365379363824,-0.5482348870870523,-2.30971019005959,0.760799126186901,0.5041553156332534,87,41,0.4712643678160918,0.4244160579137867,0.41464124410172853,1,40,0.4597701149425287,0.975609756097561
"Lukes, Nathan",664770,"TOR",2025,0.551334841903323,-0.9857404822714224,2.0741870312247768,0,-1.522852189321453,-2.26111368023094,0,1.2753731979595175,96,35,0.3645833333333333,0.3921922360625034,0.3740567737276351,0,35,0.3645833333333333,1
"Volpe, Anthony",683011,"NYY",2025,1.5161091804538163,-0.39123738817097187,3.19099532898377,-0.8092849863430404,-0.8656011621869129,-2.462711790116213,0.8409377929731263,1.230536608972114,107,42,0.3925233644859814,0.3393084286128566,0.3790372057590519,1,41,0.38317757009345804,0.9761904761904762
"Jung, Josh",673962,"TEX",2025,-1.2324543677147892,0.4596102413447002,1.299792270554933,-0.8355720856010829,-1.696674552668639,-1.5810654994749893,0.8026842872256518,1.2379914535940377,103,30,0.29126213592233,0.3401799456618364,0.30657133163535666,1,29,0.28155339805825236,0.9666666666666667
"Walls, Taylor",670764,"TB",2025,0.7066374729672317,-0.1873137840128528,1.7724718773313488,-0.7851295869490981,-0.2807048174150196,-1.474959478162741,0.8022470731888378,0.4853986209610502,60,24,0.3999999999999999,0.32259210722270376,0.3587516641727459,1,23,0.38333333333333325,0.9583333333333334
"Carpenter, Kerry",681481,"DET",2025,1.0545150380282748,-1.062864459791066,3.500234712347094,-0.8128412628609216,-1.6328784114578976,-3.41648001099572,0.8196207351053418,1.533994816099312,104,40,0.3846153846153847,0.3459043038072491,0.3453987513242607,1,39,0.37500000000000006,0.975
"Fraley, Jake",641584,"MLB",2025,0.5337385720133783,-0.25803310898602905,1.1501666518521139,0,-0.6164280798387362,-1.0425771608751009,0,0.7845440518890717,47,17,0.3617021276595745,0.3488845453038623,0.3770748624178079,0,17,0.3617021276595745,1
"Gonzales, Nick",693304,"PIT",2025,1.0300866173364023,0.10578275275552644,1.9650875293987211,0,-0.9350009120623186,-1.437748475690791,0,1.5435312284463174,78,27,0.34615384615384626,0.3275444489252726,0.38802261945998695,0,27,0.34615384615384626,1
"Baty, Brett",683146,"NYM",2025,-0.4080168706027363,0.11726983196244055,1.9609173794688703,-0.8885130069394029,-1.480421243132204,-2.0369243322721173,0.8805950263363669,1.2735991378981915,95,30,0.3157894736842106,0.33773826447401295,0.32178067953928857,1,29,0.30526315789473685,0.9666666666666667
"Williamson, Ben",810938,"SEA",2025,-0.2637022583047448,0.5327291220430137,1.50369552264828,-0.8020649099833,-0.9653328709697251,-1.3866472678501158,0.8274656258211959,1.0919107640719337,78,27,0.3461538461538461,0.34933480858747,0.3599789256545626,1,26,0.3333333333333334,0.9629629629629629
"Caballero, José",676609,"MLB",2025,0.9825480380500078,-0.32879949870282577,2.20059939216053,-0.7502549968786156,-0.4677963572319065,-1.781594699374727,0.812428291476075,0.6403669091958262,62,30,0.4838709677419354,0.398887466301327,0.43985642349640314,1,29,0.46774193548387105,0.9666666666666667
"Verdugo, Alex",657077,"ATL",2025,-1.2184726097529441,0.938252815771895,0.9461863673202696,-1.6384846229690138,-0.5261743541041998,-1.1150154896573072,1.5587539162584823,0.4945143891707191,66,26,0.393939393939394,0.38691216793903893,0.3702201832943265,2,24,0.36363636363636365,0.9230769230769231
"Caminero, Junior",691406,"TB",2025,-0.100785340096711,-1.0167260471388226,2.322432186195688,-0.8337426365851617,-1.5894748897072366,-2.832712723612722,0.8022492865106576,1.0137373899632411,118,38,0.32203389830508466,0.3368808363054083,0.2918613674254019,1,37,0.3135593220338983,0.9736842105263158
"Gonzalez, Romy",663853,"BOS",2025,-0.5653920221537685,1.3348677898995416,1.7794846870102297,-1.6864561766523216,-0.6584205325116773,-1.4242446623996223,1.7471533287696124,1.0119591235295515,82,31,0.378048780487805,0.3393828225533573,0.37832509869681585,2,29,0.35365853658536583,0.9354838709677419
"Doyle, Brenton",686668,"COL",2025,-0.7781375994237247,2.5481541190623402,2.1260024624527087,-1.5298377746837144,-1.3743022871927184,-1.4436282686492448,1.6208395904488033,2.370942797262782,98,33,0.33673469387755095,0.3259009929694685,0.40531472733873597,2,31,0.31632653061224475,0.9393939393939394
"Hays, Austin",669720,"CIN",2025,0.5433032064688194,-0.5544188948147722,2.115768119297322,-0.904961951229612,-0.6675029615988904,-2.113861517989445,0.9060876127520499,0.6533550104226233,79,30,0.3797468354430381,0.3420412248258245,0.34194067475785705,1,29,0.36708860759493683,0.9666666666666667
"White, Eli",642201,"ATL",2025,0.2612362018886888,1.5552544248158278,2.326243675149984,-0.7783945328605963,-1.286612940400699,-1.420226963476077,0.8338801797755729,2.1416012085163323,66,27,0.40909090909090906,0.37881343460597927,0.48602469007952814,1,26,0.3939393939393939,0.9629629629629629
"Mullins, Cedric",656775,"MLB",2025,0.9818017413630343,0.28568484901523433,2.5917768782672286,-0.7609638323377536,-0.8490113045664408,-1.977936257922842,0.7748274926060909,1.4887936143319846,82,34,0.41463414634146345,0.3673043671785728,0.4318447900355429,1,33,0.4024390243902439,0.9705882352941176
"Meyers, Jake",676694,"HOU",2025,-0.03018770201890826,1.191869539048163,2.0395151932966473,0,-2.069702895315556,-1.7471430759401698,0,2.939012614988332,109,27,0.24770642201834864,0.2873494008879382,0.3328951013746773,0,27,0.24770642201834864,1
"Garcia, Maikel",672580,"KC",2025,1.3561142428375828,-1.0213375321904257,5.293999737666487,-2.4343463718853173,-1.503539122943587,-5.039141053429924,2.4347787209565768,1.5830248002829237,181,77,0.4254143646408841,0.36411838804802815,0.3702827697019844,3,74,0.4088397790055247,0.961038961038961
"Alvarez, Francisco",682626,"NYM",2025,-0.5417961683609964,-0.36494291912427995,0.8018279078455707,0,-1.343624076206567,-1.1122759902943269,0,0.7473330711700473,57,17,0.29824561403508765,0.37253505077617255,0.30609865891873733,0,17,0.29824561403508765,1
"Devers, Rafael",646240,"MLB",2025,-4.311507651564364,2.9204370288251567,1.8290764367305397,-2.67995538974149,-3.4606286985534145,-2.1847680392022544,2.5622071811394753,2.542997886887936,138,46,0.33333333333333354,0.4287899404629758,0.3847658312094196,3,43,0.3115942028985506,0.9347826086956522
"Bailey, Patrick",672275,"SF",2025,-2.161247358190143,-0.04130309930005292,1.7101003668011034,-1.7551914928643289,-2.116156232126917,-2.706587325857405,1.6594055451984513,1.005878681358901,84,32,0.3809523809523809,0.4307281554350393,0.3245497610117267,2,30,0.3571428571428571,0.9375
"Stowers, Kyle",669065,"MIA",2025,1.1375757131759874,-1.4960117074415389,2.4723165065370942,0,-1.3347407933611075,-2.6651927071799077,0,1.1691809997383689,96,36,0.3750000000000001,0.3667529449280611,0.349617237631079,0,36,0.3750000000000001,1
"Marte, Noelvi",682622,"CIN",2025,0.9135729391438066,-0.3649253980909229,1.7475319653733465,0,-0.8339590262295397,-1.3934679406796546,0,1.0285425425887316,59,22,0.37288135593220334,0.3453476001983391,0.382943443539008,0,22,0.37288135593220334,1
"Crawford, J.P.",641487,"SEA",2025,-2.156696862508959,1.6129465454804761,1.675826589282748,-1.750297269999861,-2.0822261817918455,-1.855718452120788,1.7569782121612818,1.7116867854399822,132,29,0.21969696969696967,0.25793877753174294,0.23766086412212734,2,27,0.20454545454545464,0.9310344827586207
"García Jr., Luis",671277,"WSH",2025,-0.9662743705481887,0.551472506308816,2.6114464206261756,-1.6026909102130438,-1.9750298809613211,-2.7923339195404884,1.5924242113051241,1.7513822145441802,112,42,0.37500000000000006,0.3781657722894724,0.36286098389091453,2,40,0.3571428571428571,0.9523809523809523
"Báez, Javier",595879,"DET",2025,1.2685570262762327,-0.7492378183040602,3.0613160137127617,-0.8110673098345818,-0.9816916776019473,-2.705789038842611,0.8298655053730983,1.1266857151654526,79,35,0.4430379746835444,0.3633845909332092,0.38954629165037374,1,34,0.43037974683544317,0.9714285714285714
"Suzuki, Seiya",673548,"CHC",2025,0.24801945520293273,0.5830624004059394,2.343996400630558,0,-2.0959769454276245,-1.966496944761911,0,2.54955934516785,110,46,0.41818181818181804,0.44224595206888506,0.47162790353832973,0,46,0.41818181818181804,1
"Lux, Gavin",666158,"CIN",2025,0.6895476568854978,0.8998524622335184,3.5437848873581577,-1.6002148334173718,-1.2540223970552882,-2.7050552218604036,1.6732270171397916,1.9316806669541315,128,45,0.35156249999999994,0.30458357466840563,0.35769979806269125,2,43,0.3359374999999999,0.9555555555555556
"Jackson, Jeremiah",669236,"BAL",2025,0.1054948307745136,-0.38277938401539563,0.7960724272479395,0,-0.6905775964734259,-0.9419243186155603,0,0.5591449346001642,46,17,0.36956521739130443,0.3965365342877973,0.37130514719923546,0,17,0.36956521739130443,1
"Freeman, Tyler",671289,"COL",2025,-1.2475950127584818,2.0460326648467064,2.720500265518939,-2.6314007560672072,-1.3366945222102133,-2.3837762587011504,2.6989370771163776,1.7308718464314787,127,47,0.3700787401574804,0.35222762392179136,0.37658614619431224,3,44,0.3464566929133858,0.9361702127659575
"Stephenson, Tyler",663886,"CIN",2025,-0.11939352818921713,-0.7496521693615895,1.1809387097777133,0,-1.3003322379669306,-1.7141073656400105,0,0.9644551962784211,58,19,0.3275862068965517,0.3917161294395026,0.3320613265188543,0,19,0.3275862068965517,1
"Rodríguez, Julio",677594,"SEA",2025,1.3765372968615923,0.6520999761663885,3.4170147341910257,-0.809364064586096,-1.2311133727433372,-2.341980398834346,0.8588857328410704,2.135194642159664,123,50,0.4065040650406505,0.3675031680094198,0.439518326313443,1,49,0.3983739837398374,0.98
"Crews, Dylan",686611,"WSH",2025,0.7272333493928238,-0.08174804855462953,2.0376256741223755,-0.8468273223580514,-0.4635650023715,-1.6554017336384321,0.8669253015967113,0.7067283834870913,57,23,0.40350877192982454,0.31125597711865954,0.3621439425959285,1,22,0.3859649122807017,0.9565217391304348
"Jansen, Danny",643376,"MLB",2025,-0.5071882509535764,-0.002495443261764183,0.8828949511053216,0,-1.3900832020588987,-1.0520232258990512,0,1.0495277826372873,61,19,0.31147540983606564,0.3849012169115,0.35246817652718787,0,19,0.31147540983606564,1
"Raleigh, Cal",663728,"SEA",2025,-2.918870265358398,1.5991245999359895,2.017866646196527,-2.4158711988686488,-2.5208657126862777,-2.5011903253037224,2.337558807812981,1.7627561174267319,114,32,0.28070175438596484,0.32698666799798215,0.27489405811832224,3,29,0.25438596491228066,0.90625
"Garver, Mitch",641598,"SEA",2025,-1.621964498650099,0.8510619487253336,0.2698231954134884,-0.8367399943209831,-1.055047699742604,-0.48326773590651295,0.802280355099751,0.5320493295320953,48,11,0.22916666666666666,0.32091797264645716,0.245197239329928,1,10,0.20833333333333334,0.9090909090909091
"Adames, Willy",642715,"SF",2025,1.179654598331925,-0.7828167872200599,3.104037963298186,-0.7838511370489052,-1.1405322279173578,-2.992919351371034,0.8078451163695181,1.4022574477814556,117,42,0.3589743589743588,0.32143474530191035,0.3370793298977869,1,41,0.35042735042735035,0.9761904761904762
"Polanco, Jorge",593871,"SEA",2025,0.9850953955426048,-0.11423759858647302,2.980404958763229,-0.7705440339568135,-1.2247655292638113,-2.5198874293191715,0.7913619118269783,1.6142879189057209,105,38,0.36190476190476184,0.3285442929499882,0.36437281310888003,1,37,0.35238095238095235,0.9736842105263158
"Thomas, Alek",677950,"AZ",2025,2.9572759248347773,-1.479661512689959,4.8398239116650945,-1.523729479556384,-0.35881850727393316,-3.879647004448073,1.5596184475644406,0.8403670441936715,102,43,0.4215686274509802,0.2688566498567766,0.33443380460593186,2,41,0.40196078431372534,0.9534883720930233
"McKinstry, Zach",656716,"DET",2025,3.4599491450419815,-2.627936559856167,5.3325857217929125,-1.525715325332996,-0.34692125141793534,-4.802345662514498,1.54580622788014,0.6286028747781919,96,48,0.5,0.3207350888372416,0.36134202102102,2,46,0.4791666666666668,0.9583333333333334
"Sheets, Gavin",657757,"SD",2025,-0.7260159818796262,-0.42935533298817113,2.7204663077531546,-1.6165096828997652,-1.8299726067330153,-3.2228072683283915,1.6075446384883505,1.18590729685187,111,38,0.3423423423423424,0.3403812020622359,0.2953908830500688,2,36,0.32432432432432434,0.9473684210526315
"Martínez, Angel",682657,"CLE",2025,2.0031850367965656,-2.0396516323053597,3.3621312310053857,-0.7545167312625907,-0.6044294629462293,-3.401437994066246,0.7557203932224619,0.6060659685384239,99,42,0.4242424242424242,0.33975875651844256,0.3392719245596397,1,41,0.4141414141414143,0.9761904761904762
"Manzardo, Kyle",700932,"CLE",2025,-0.1292130097966262,-1.7046635483149233,1.2965193333729153,0,-1.4257323431695417,-2.324560293049047,0,0.6198967447341247,82,24,0.29268292682926833,0.3321926065262626,0.23975323799132067,0,24,0.29268292682926833,1
"Vargas, Miguel",678246,"CWS",2025,-0.3906978576009275,0.7104541772106409,3.1615559706647502,-1.6019381877921992,-1.9503156404734783,-2.9197629585150815,1.6175608856028116,2.012656250122911,133,55,0.4135338345864663,0.4033514843508089,0.412365104733405,2,53,0.39849624060150374,0.9636363636363636
"Collins, Isaac",686555,"MIL",2025,1.669552449339241,-1.4861879338161381,2.257235524809475,0,-0.5876830754702348,-2.208280759395694,0,0.7220928255795561,87,31,0.3563218390804598,0.31414569264001996,0.3228155050289735,0,31,0.3563218390804598,1
"Clemens, Kody",665019,"MLB",2025,1.4784630253422435,-1.4079774631777253,3.027597735157541,-0.8388200074411197,-0.7103147023741779,-2.936144475532503,0.8273581126025245,0.7008088997522525,72,31,0.4305555555555555,0.34368561723122665,0.34759137904918735,1,30,0.41666666666666674,0.967741935483871
"Springer, George",543807,"TOR",2025,0.7195827376965951,0.33338923091132566,4.597590871863339,-1.5274278650240154,-2.35058026914273,-4.0500159551352635,1.5407739296037897,2.8426312564427976,165,64,0.38787878787878793,0.3702795727907451,0.3970686779573198,2,62,0.37575757575757573,0.96875
"Wallner, Matt",670242,"MIN",2025,0.0926167348433056,-0.08335098678650812,1.9100025693290872,-0.8893840501281606,-0.9280017843576203,-1.933555875818785,0.9057005974512021,0.9445042915810752,60,27,0.45,0.41994643597956727,0.4209606838973777,1,26,0.4333333333333334,0.9629629629629629
"Abrams, CJ",682928,"WSH",2025,3.328780327011028,-1.4792958568162715,6.640110629119628,-1.5959709505435677,-1.7153593515650276,-5.464550953996248,1.6456209820218568,2.33963411515812,172,72,0.4186046511627907,0.33662797797803373,0.3821149325332593,2,70,0.40697674418604657,0.9722222222222222